Date,HEIGHT,STORAGE,Current
date,(m),(Ml),%
1-Jan-12,24.8,357963,74.5
2-Jan-12,24.8,356677,74.3
3-Jan-12,24.8,355394,74
4-Jan-12,24.7,353687,73.7
5-Jan-12,24.7,351135,73.1
6-Jan-12,24.6,349863,72.9
7-Jan-12,24.6,348594,72.6
8-Jan-12,24.6,347327,72.3
9-Jan-12,24.5,345643,72
10-Jan-12,24.5,343963,71.6
11-Jan-12,24.5,342706,71.4
12-Jan-12,24.4,341452,71.1
13-Jan-12,24.4,340617,70.9
14-Jan-12,24.4,338951,70.6
15-Jan-12,24.4,337705,70.3
16-Jan-12,24.3,336461,70.1
17-Jan-12,24.3,333981,69.6
18-Jan-12,24.2,333157,69.4
19-Jan-12,24.2,332334,69.2
20-Jan-12,24.2,330282,68.8
21-Jan-12,24.1,329054,68.5
22-Jan-12,24.1,327829,68.3
23-Jan-12,24.1,326606,68
24-Jan-12,24.1,325386,67.8
25-Jan-12,24,323764,67.4
26-Jan-12,24,322146,67.1
27-Jan-12,23.9,320532,66.8
28-Jan-12,23.9,319323,66.5
29-Jan-12,23.9,318116,66.2
30-Jan-12,23.8,316913,66
31-Jan-12,23.8,314514,65.5
1-Feb-12,23.8,313318,65.2
2-Feb-12,23.7,312522,65.1
3-Feb-12,23.7,310935,64.8
4-Feb-12,23.7,309747,64.5
5-Feb-12,23.6,308957,64.3
6-Feb-12,23.6,307380,64
7-Feb-12,23.6,306594,63.8
8-Feb-12,23.5,303460,63.2
9-Feb-12,23.5,301511,62.8
10-Feb-12,23.4,300345,62.5
11-Feb-12,23.4,298796,62.2
12-Feb-12,23.4,297637,62
13-Feb-12,23.3,297251,61.9
14-Feb-12,23.3,296096,61.7
15-Feb-12,23.3,294943,61.4
16-Feb-12,23.3,293794,61.2
17-Feb-12,23.2,292265,60.9
18-Feb-12,23.2,291122,60.6
19-Feb-12,23.2,289982,60.4
20-Feb-12,23.1,288845,60.2
21-Feb-12,23.1,287333,59.8
22-Feb-12,23.1,286203,59.6
23-Feb-12,23,284325,59.2
24-Feb-12,23,283577,59.1
25-Feb-12,23,282829,58.9
26-Feb-12,22.9,282083,58.7
27-Feb-12,22.9,281338,58.6
28-Feb-12,22.9,280595,58.4
29-Feb-12,22.9,279111,58.1
1-Mar-12,22.9,279111,58.1
2-Mar-12,22.8,276896,57.7
3-Mar-12,22.8,275793,57.4
4-Mar-12,22.7,274693,57.2
5-Mar-12,22.7,273596,57
6-Mar-12,22.7,272502,56.7
7-Mar-12,22.7,271411,56.5
8-Mar-12,22.6,269962,56.2
9-Mar-12,22.6,268878,56
10-Mar-12,22.6,267797,55.8
11-Mar-12,22.5,266720,55.5
12-Mar-12,22.5,266003,55.4
13-Mar-12,22.5,265288,55.2
14-Mar-12,22.4,263506,54.9
15-Mar-12,22.4,262795,54.7
16-Mar-12,22.4,262440,54.7
17-Mar-12,22.4,261378,54.4
18-Mar-12,22.3,260320,54.2
19-Mar-12,22.3,259264,54
20-Mar-12,22.3,258562,53.8
21-Mar-12,22.3,257512,53.6
22-Mar-12,22.2,256465,53.4
23-Mar-12,22.2,255421,53.2
24-Mar-12,22.2,254380,53
25-Mar-12,22.1,253343,52.8
26-Mar-12,22.1,252309,52.5
27-Mar-12,22.1,251278,52.3
28-Mar-12,22.1,250250,52.1
29-Mar-12,22,249226,51.9
30-Mar-12,22,248545,51.8
31-Mar-12,22,248545,51.8
1-Apr-12,22,248545,51.8
2-Apr-12,22,248545,51.8
3-Apr-12,22,248205,51.7
4-Apr-12,22,248205,51.7
5-Apr-12,22,247865,51.6
6-Apr-12,22,247526,51.5
7-Apr-12,22,247526,51.5
8-Apr-12,22,247526,51.5
9-Apr-12,22,248545,51.8
10-Apr-12,22,248545,51.8
11-Apr-12,22,249908,52
12-Apr-12,22.4,261378,54.4
13-Apr-12,22.4,261025,54.4
14-Apr-12,22.4,261025,54.4
15-Apr-12,22.4,261025,54.4
16-Apr-12,22.3,259968,54.1
17-Apr-12,22.3,258913,53.9
18-Apr-12,22,246848,51.4
19-Apr-12,22,246848,51.4
20-Apr-12,21.9,246510,51.3
21-Apr-12,21.9,245502,51.1
22-Apr-12,21.9,244832,51
23-Apr-12,21.9,244164,50.8
24-Apr-12,21.9,243497,50.7
25-Apr-12,21.8,242831,50.6
26-Apr-12,21.8,242831,50.6
27-Apr-12,21.8,242167,50.4
28-Apr-12,21.8,242167,50.4
29-Apr-12,21.8,241504,50.3
30-Apr-12,21.8,241504,50.3
1-May-12,21.8,240513,50.1
2-May-12,21.8,240513,50.1
3-May-12,21.8,241836,50.4
4-May-12,21.9,243497,50.7
5-May-12,22,249567,52
6-May-12,22.1,250250,52.1
7-May-12,22.1,250250,52.1
8-May-12,22.1,250250,52.1
9-May-12,22.1,250250,52.1
10-May-12,22,249908,52
11-May-12,22,249908,52
12-May-12,22,249908,52
13-May-12,22,249567,52
14-May-12,22,249567,52
15-May-12,22,249567,52
16-May-12,22,249226,51.9
17-May-12,22,249226,51.9
18-May-12,22,249567,52
19-May-12,22,249226,51.9
20-May-12,22,249226,51.9
21-May-12,22,249908,52
22-May-12,22,249908,52
23-May-12,22,249908,52
24-May-12,22,249226,51.9
25-May-12,22,249226,51.9
26-May-12,22,249226,51.9
27-May-12,22.1,250250,52.1
28-May-12,22.1,250250,52.1
29-May-12,22.1,250250,52.1
30-May-12,22.1,250250,52.1
31-May-12,22.1,250935,52.3
1-Jun-12,22.1,250935,52.3
2-Jun-12,22.1,250935,52.3
3-Jun-12,22.1,250935,52.3
4-Jun-12,22.1,250250,52.1
5-Jun-12,22.1,250250,52.1
6-Jun-12,22.1,250250,52.1
7-Jun-12,22.1,250250,52.1
8-Jun-12,22.3,257162,53.6
9-Jun-12,22.5,267438,55.7
10-Jun-12,22.6,271048,56.4
11-Jun-12,22.7,271411,56.5
12-Jun-12,22.7,272502,56.7
13-Jun-12,22.7,272502,56.7
14-Jun-12,22.7,273231,56.9
15-Jun-12,22.7,273596,57
16-Jun-12,22.7,273596,57
17-Jun-12,22.7,273596,57
18-Jun-12,22.7,273596,57
19-Jun-12,22.7,273596,57
20-Jun-12,22.7,273596,57
21-Jun-12,22.7,273596,57
22-Jun-12,22.7,273231,56.9
23-Jun-12,22.7,273231,56.9
24-Jun-12,22.7,273231,56.9
25-Jun-12,22.7,273596,57
26-Jun-12,22.7,273596,57
27-Jun-12,23.1,286956,59.8
28-Jun-12,23.2,293029,61
29-Jun-12,23.2,293029,61
30-Jun-12,23.2,293029,61
1-Jul-12,23.4,297637,62
2-Jul-12,23.4,297637,62
3-Jul-12,23.4,299570,62.4
4-Jul-12,23.4,299570,62.4
5-Jul-12,23.4,299570,62.4
6-Jul-12,23.5,301511,62.8
7-Jul-12,23.6,306594,63.8
8-Jul-12,23.6,306594,63.8
9-Jul-12,23.6,306594,63.8
10-Jul-12,23.7,309352,64.4
11-Jul-12,23.8,316512,65.9
12-Jul-12,23.9,318518,66.3
13-Jul-12,23.9,319725,66.6
14-Jul-12,23.9,319725,66.6
15-Jul-12,23.9,319725,66.6
16-Jul-12,24,322550,67.2
17-Jul-12,24,323359,67.3
18-Jul-12,24,323359,67.3
19-Jul-12,24,323359,67.3
20-Jul-12,24,323359,67.3
21-Jul-12,24,323764,67.4
22-Jul-12,24.1,325386,67.8
23-Jul-12,24.4,338951,70.6
24-Jul-12,24.4,338951,70.6
25-Jul-12,24.4,341034,71
26-Jul-12,24.5,341869,71.2
27-Jul-12,24.5,341869,71.2
28-Jul-12,24.5,342706,71.4
29-Jul-12,24.5,342706,71.4
30-Jul-12,24.5,343963,71.6
31-Jul-12,24.5,343963,71.6
1-Aug-12,24.5,344802,71.8
2-Aug-12,24.5,344802,71.8
3-Aug-12,24.6,346063,72.1
4-Aug-12,24.6,346063,72.1
5-Aug-12,24.6,346063,72.1
6-Aug-12,24.6,349017,72.7
7-Aug-12,24.7,352410,73.4
8-Aug-12,24.8,358392,74.6
9-Aug-12,24.9,362269,75.4
10-Aug-12,24.9,362269,75.4
11-Aug-12,25,365300,76.1
12-Aug-12,25.1,367474,76.5
13-Aug-12,25.5,387375,80.7
14-Aug-12,25.5,387375,80.7
15-Aug-12,25.9,403272,84
16-Aug-12,26.1,415788,86.6
17-Aug-12,26.3,424728,88.5
18-Aug-12,26.3,424728,88.5
19-Aug-12,26.3,424728,88.5
20-Aug-12,26.5,431386,89.8
21-Aug-12,26.5,433299,90.2
22-Aug-12,26.5,435218,90.6
23-Aug-12,26.6,436178,90.8
24-Aug-12,26.6,437622,91.1
25-Aug-12,26.6,437622,91.1
26-Aug-12,26.6,437622,91.1
27-Aug-12,26.8,448294,93.4
28-Aug-12,26.9,450740,93.9
29-Aug-12,26.9,450740,93.9
30-Aug-12,26.9,453194,94.4
31-Aug-12,26.9,453194,94.4
1-Sep-12,27.1,460602,95.9
2-Sep-12,27.1,464582,96.8
3-Sep-12,27.2,465580,97
4-Sep-12,27.2,466579,97.2
5-Sep-12,27.2,468080,97.5
6-Sep-12,27.2,470086,97.9
7-Sep-12,27.3,470588,98
8-Sep-12,27.3,470588,98
9-Sep-12,27.3,470588,98
10-Sep-12,27.3,472096,98.3
11-Sep-12,27.4,475627,99.1
12-Sep-12,27.4,477145,99.4
13-Sep-12,27.4,477145,99.4
14-Sep-12,27.4,478158,99.6
15-Sep-12,27.4,478158,99.6
16-Sep-12,27.4,478665,99.7
17-Sep-12,27.4,478665,99.7
18-Sep-12,27.4,478665,99.7
19-Sep-12,27.4,478665,99.7
20-Sep-12,27.4,479172,99.8
21-Sep-12,27.4,479172,99.8
22-Sep-12,27.4,479172,99.8
23-Sep-12,27.5,480697,100.1
24-Sep-12,27.5,485285,101.1
25-Sep-12,27.5,485285,101.1
26-Sep-12,27.5,485285,101.1
27-Sep-12,27.5,485285,101.1
28-Sep-12,27.7,490928,102.2
29-Sep-12,27.7,490928,102.2
30-Sep-12,27.7,490928,102.2
1-Oct-12,27.7,493505,102.8
2-Oct-12,27.7,493505,102.8
3-Oct-12,27.7,493505,102.8
4-Oct-12,27.7,495055,103.1
5-Oct-12,27.7,492473,102.6
6-Oct-12,27.7,492473,102.6
7-Oct-12,27.7,492473,102.6
8-Oct-12,27.7,490928,102.2
9-Oct-12,27.7,490928,102.2
10-Oct-12,27.6,490413,102.1
11-Oct-12,27.6,489899,102
12-Oct-12,27.6,489899,102
13-Oct-12,27.6,489899,102
14-Oct-12,27.6,489385,101.9
15-Oct-12,27.6,488358,101.7
16-Oct-12,27.6,487333,101.5
17-Oct-12,27.6,487333,101.5
18-Oct-12,27.6,487333,101.5
19-Oct-12,27.6,488358,101.7
20-Oct-12,27.7,491958,102.5
21-Oct-12,27.7,491958,102.5
22-Oct-12,27.8,496089,103.3
23-Oct-12,27.8,496089,103.3
24-Oct-12,27.7,495572,103.2
25-Oct-12,27.7,495572,103.2
26-Oct-12,27.7,495055,103.1
27-Oct-12,27.7,495055,103.1
28-Oct-12,27.7,494538,103
29-Oct-12,27.7,490928,102.2
30-Oct-12,27.7,490928,102.2
31-Oct-12,27.6,488872,101.8
1-Nov-12,27.6,487333,101.5
2-Nov-12,27.6,486309,101.3
3-Nov-12,27.6,485797,101.2
4-Nov-12,27.6,485797,101.2
5-Nov-12,27.5,484774,101
6-Nov-12,27.5,484774,101
7-Nov-12,27.5,483753,100.7
8-Nov-12,27.5,481714,100.3
9-Nov-12,27.5,481205,100.2
10-Nov-12,27.5,480697,100.1
11-Nov-12,27.4,480188,100
12-Nov-12,27.4,480188,100
13-Nov-12,27.4,480188,100
14-Nov-12,27.4,480188,100
15-Nov-12,27.4,480188,100
16-Nov-12,27.4,480188,100
17-Nov-12,27.4,477145,99.4
18-Nov-12,27.4,476132,99.2
19-Nov-12,27.4,475627,99.1
20-Nov-12,27.4,475627,99.1
21-Nov-12,27.3,474112,98.7
22-Nov-12,27.3,473103,98.5
23-Nov-12,27.3,472096,98.3
24-Nov-12,27.3,472096,98.3
25-Nov-12,27.3,470588,98
26-Nov-12,27.2,469584,97.8
27-Nov-12,27.2,469584,97.8
28-Nov-12,27.2,468581,97.6
29-Nov-12,27.2,466579,97.2
30-Nov-12,27.2,465580,97
1-Dec-12,27.1,464582,96.8
2-Dec-12,27.1,464582,96.8
3-Dec-12,27.1,463087,96.4
4-Dec-12,27.1,462092,96.2
5-Dec-12,27.1,460602,95.9
6-Dec-12,27,459610,95.7
7-Dec-12,27,458125,95.4
8-Dec-12,27,457136,95.2
9-Dec-12,27,456148,95
10-Dec-12,26.9,454670,94.7
11-Dec-12,26.9,453194,94.4
12-Dec-12,26.9,451720,94.1
13-Dec-12,26.9,450740,93.9
14-Dec-12,26.8,449760,93.7
15-Dec-12,26.8,448294,93.4
16-Dec-12,26.8,446342,93
17-Dec-12,26.7,444882,92.6
18-Dec-12,26.7,443425,92.3
19-Dec-12,26.7,442454,92.1
20-Dec-12,26.7,441485,91.9
21-Dec-12,26.6,440518,91.7
22-Dec-12,26.6,439551,91.5
23-Dec-12,26.6,439551,91.5
24-Dec-12,26.6,438586,91.3
25-Dec-12,26.5,435698,90.7
26-Dec-12,26.5,434738,90.5
27-Dec-12,26.5,433778,90.3
28-Dec-12,26.5,433778,90.3
29-Dec-12,26.5,431386,89.8
30-Dec-12,26.4,429001,89.3
31-Dec-12,26.4,427099,88.9
1-Jan-13,26.3,426150,88.7
2-Jan-13,26.3,425202,88.5
3-Jan-13,26.3,425202,88.5
4-Jan-13,26.3,421893,87.9
5-Jan-13,26.2,420950,87.7
6-Jan-13,26.2,419539,87.4
7-Jan-13,26.2,418130,87.1
8-Jan-13,26.1,416724,86.8
9-Jan-13,26.1,416724,86.8
10-Jan-13,26.1,414386,86.3
11-Jan-13,26.1,412987,86
12-Jan-13,26,411591,85.7
13-Jan-13,26,410198,85.4
14-Jan-13,26,410198,85.4
15-Jan-13,25.9,406957,84.7
16-Jan-13,25.9,406034,84.6
17-Jan-13,25.9,405112,84.4
18-Jan-13,25.9,405112,84.4
19-Jan-13,25.9,403272,84
20-Jan-13,25.8,401895,83.7
21-Jan-13,25.8,399606,83.2
22-Jan-13,25.8,398692,83
23-Jan-13,25.7,397324,82.7
24-Jan-13,25.7,395959,82.5
25-Jan-13,25.7,394596,82.2
26-Jan-13,25.6,389623,81.1
27-Jan-13,25.5,388723,81
28-Jan-13,25.5,387824,80.8
29-Jan-13,25.5,386926,80.6
30-Jan-13,25.5,386478,80.5
31-Jan-13,25.5,385134,80.2
1-Feb-13,25.4,384240,80
2-Feb-13,25.4,382900,79.7
3-Feb-13,25.4,380674,79.3
4-Feb-13,25.4,380674,79.3
5-Feb-13,25.3,378013,78.7
6-Feb-13,25.2,375362,78.2
7-Feb-13,25.2,374041,77.9
8-Feb-13,25.2,374041,77.9
9-Feb-13,25.2,374041,77.9
10-Feb-13,25.2,374041,77.9
11-Feb-13,25.2,372722,77.6
12-Feb-13,25.2,371845,77.4
13-Feb-13,25.1,371406,77.3
14-Feb-13,25.1,371406,77.3
15-Feb-13,25.1,368346,76.7
16-Feb-13,25.1,368346,76.7
17-Feb-13,25.1,368346,76.7
18-Feb-13,25,364866,76
19-Feb-13,25,364433,75.9
20-Feb-13,25,363999,75.8
21-Feb-13,24.9,362701,75.5
22-Feb-13,24.9,359682,74.9
23-Feb-13,24.9,358822,74.7
24-Feb-13,24.8,356677,74.3
25-Feb-13,24.9,361405,75.3
26-Feb-13,24.8,355821,74.1
27-Feb-13,24.8,354967,73.9
28-Feb-13,24.7,354113,73.7
1-Mar-13,24.7,353261,73.6
2-Mar-13,24.7,352410,73.4
3-Mar-13,24.7,351560,73.2
4-Mar-13,24.7,350711,73
5-Mar-13,24.6,349863,72.9
6-Mar-13,24.6,349017,72.7
7-Mar-13,24.6,348171,72.5
8-Mar-13,24.6,347327,72.3
9-Mar-13,24.6,346484,72.2
10-Mar-13,24.5,345643,72
11-Mar-13,24.5,344802,71.8
12-Mar-13,24.5,343963,71.6
13-Mar-13,24.5,343124,71.5
14-Mar-13,24.5,342287,71.3
15-Mar-13,24.4,341452,71.1
16-Mar-13,24.4,340617,70.9
17-Mar-13,24.4,339783,70.8
18-Mar-13,24.4,338951,70.6
19-Mar-13,24.4,338120,70.4
20-Mar-13,24.3,337290,70.2
21-Mar-13,24.3,336461,70.1
22-Mar-13,24.3,335633,69.9
23-Mar-13,24.3,334807,69.7
24-Mar-13,24.3,333981,69.6
25-Mar-13,24.2,333157,69.4
26-Mar-13,24.2,332334,69.2
27-Mar-13,24.2,331512,69
28-Mar-13,24.2,329872,68.7
29-Mar-13,24,322146,67.1
30-Mar-13,24,321338,66.9
31-Mar-13,23.9,320532,66.8
1-Apr-13,23.9,320532,66.8
2-Apr-13,24,322146,67.1
3-Apr-13,24,322954,67.3
4-Apr-13,24,322954,67.3
5-Apr-13,24,322146,67.1
6-Apr-13,24,321338,66.9
7-Apr-13,23.9,320532,66.8
8-Apr-13,23.9,319725,66.6
9-Apr-13,23.9,319323,66.5
10-Apr-13,23.9,318518,66.3
11-Apr-13,23.9,317715,66.2
12-Apr-13,23.9,317314,66.1
13-Apr-13,23.8,316913,66
14-Apr-13,23.8,316112,65.8
15-Apr-13,23.8,315312,65.7
16-Apr-13,23.8,314514,65.5
17-Apr-13,23.8,314514,65.5
18-Apr-13,24.1,325792,67.8
19-Apr-13,24.1,327421,68.2
20-Apr-13,24.1,327421,68.2
21-Apr-13,24.1,327421,68.2
22-Apr-13,24.1,327013,68.1
23-Apr-13,24.1,326606,68
24-Apr-13,24.1,325792,67.8
25-Apr-13,24.1,325386,67.8
26-Apr-13,24,324980,67.7
27-Apr-13,24,324574,67.6
28-Apr-13,24,324169,67.5
29-Apr-13,24,322954,67.3
30-Apr-13,24,322146,67.1
1-May-13,24,321338,66.9
2-May-13,23.9,320935,66.8
3-May-13,23.9,320532,66.8
4-May-13,23.9,320128,66.7
5-May-13,23.9,319725,66.6
6-May-13,23.9,319323,66.5
7-May-13,23.9,318518,66.3
8-May-13,23.9,318518,66.3
9-May-13,23.9,317715,66.2
10-May-13,23.9,317314,66.1
11-May-13,23.8,316913,66
12-May-13,23.8,316512,65.9
13-May-13,23.8,316112,65.8
14-May-13,23.8,315712,65.7
15-May-13,23.8,315312,65.7
16-May-13,23.8,314912,65.6
17-May-13,23.8,314514,65.5
18-May-13,23.8,314115,65.4
19-May-13,23.8,313716,65.3
20-May-13,23.8,313318,65.2
21-May-13,23.7,312920,65.2
22-May-13,23.7,312522,65.1
23-May-13,23.7,312125,65
24-May-13,23.7,312920,65.2
25-May-13,23.7,312522,65.1
26-May-13,23.7,312522,65.1
27-May-13,23.7,312522,65.1
28-May-13,23.7,312522,65.1
29-May-13,23.8,314115,65.4
30-May-13,23.8,314115,65.4
31-May-13,24,323764,67.4
1-Jun-13,24,324574,67.6
2-Jun-13,24,324574,67.6
3-Jun-13,24.6,346063,72.1
4-Jun-13,24.6,346484,72.2
5-Jun-13,24.8,355821,74.1
6-Jun-13,24.8,358392,74.6
7-Jun-13,24.9,358822,74.7
8-Jun-13,24.9,359682,74.9
9-Jun-13,25.1,368782,76.8
10-Jun-13,25.1,369656,77
11-Jun-13,25.1,370530,77.2
12-Jun-13,25.1,370530,77.2
13-Jun-13,25.1,370530,77.2
14-Jun-13,25.1,370530,77.2
15-Jun-13,25.3,378456,78.8
16-Jun-13,25.3,378456,78.8
17-Jun-13,25.3,379786,79.1
18-Jun-13,25.3,379786,79.1
19-Jun-13,25.4,380674,79.3
20-Jun-13,25.4,381564,79.5
21-Jun-13,25.4,381564,79.5
22-Jun-13,25.4,381564,79.5
23-Jun-13,25.4,381564,79.5
24-Jun-13,25.4,382900,79.7
25-Jun-13,25.4,382900,79.7
26-Jun-13,25.8,398692,83
27-Jun-13,25.9,403731,84.1
28-Jun-13,25.9,405573,84.5
29-Jun-13,25.9,407419,84.8
30-Jun-13,26,407882,84.9
1-Jul-13,26,407882,84.9
2-Jul-13,26,407882,84.9
3-Jul-13,26,407882,84.9
4-Jul-13,26,407882,84.9
5-Jul-13,26,408344,85
6-Jul-13,26,408344,85
7-Jul-13,26,408344,85
8-Jul-13,26,407882,84.9
9-Jul-13,26,407882,84.9
10-Jul-13,26,407882,84.9
11-Jul-13,26,407882,84.9
12-Jul-13,25.9,407419,84.8
13-Jul-13,25.9,407419,84.8
14-Jul-13,25.9,407419,84.8
15-Jul-13,25.9,407419,84.8
16-Jul-13,25.9,407419,84.8
17-Jul-13,25.9,407419,84.8
18-Jul-13,25.9,407419,84.8
19-Jul-13,26,411126,85.6
20-Jul-13,26,411126,85.6
21-Jul-13,26.2,421422,87.8
22-Jul-13,26.3,425202,88.5
23-Jul-13,26.3,425202,88.5
24-Jul-13,26.4,429001,89.3
25-Jul-13,26.4,429001,89.3
26-Jul-13,26.4,430431,89.6
27-Jul-13,26.5,432821,90.1
28-Jul-13,26.6,436178,90.8
29-Jul-13,26.7,441002,91.8
30-Jul-13,26.7,443425,92.3
31-Jul-13,26.7,444396,92.5
1-Aug-13,26.7,444396,92.5
2-Aug-13,26.7,445368,92.7
3-Aug-13,26.8,445855,92.9
4-Aug-13,26.8,445855,92.9
5-Aug-13,26.8,445855,92.9
6-Aug-13,26.8,445855,92.9
7-Aug-13,26.8,446830,93.1
8-Aug-13,27,457136,95.2
9-Aug-13,27.1,463087,96.4
10-Aug-13,27.1,464582,96.8
11-Aug-13,27.2,466079,97.1
12-Aug-13,27.2,466079,97.1
13-Aug-13,27.4,479680,99.9
14-Aug-13,27.6,490413,102.1
15-Aug-13,27.8,496089,103.3
16-Aug-13,28,507553,105.7
17-Aug-13,28.1,515453,107.3
18-Aug-13,28.1,515453,107.3
19-Aug-13,28.1,511758,106.6
20-Aug-13,28,507553,105.7
21-Aug-13,28,507553,105.7
22-Aug-13,28,508602,105.9
23-Aug-13,27.9,505981,105.4
24-Aug-13,27.9,504935,105.2
25-Aug-13,27.9,503889,104.9
26-Aug-13,27.8,500761,104.3
27-Aug-13,27.9,504935,105.2
28-Aug-13,27.9,504935,105.2
29-Aug-13,28.3,526630,109.7
30-Aug-13,28.3,525559,109.4
31-Aug-13,28.3,524490,109.2
1-Sep-13,28.2,521291,108.6
2-Sep-13,28.1,515982,107.5
3-Sep-13,28.1,513340,106.9
4-Sep-13,28,510179,106.2
5-Sep-13,28,506505,105.5
6-Sep-13,27.9,503889,104.9
7-Sep-13,27.9,501282,104.4
8-Sep-13,27.8,498682,103.9
9-Sep-13,27.8,497644,103.6
10-Sep-13,27.8,496089,103.3
11-Sep-13,27.7,495055,103.1
12-Sep-13,27.7,493505,102.8
13-Sep-13,27.7,493505,102.8
14-Sep-13,27.7,493505,102.8
15-Sep-13,27.7,493505,102.8
16-Sep-13,27.9,503889,104.9
17-Sep-13,27.9,503889,104.9
18-Sep-13,27.9,503889,104.9
19-Sep-13,27.9,503367,104.8
20-Sep-13,27.9,504935,105.2
21-Sep-13,28,506505,105.5
22-Sep-13,28,506505,105.5
23-Sep-13,27.9,504935,105.2
24-Sep-13,27.9,504935,105.2
25-Sep-13,27.9,501803,104.5
26-Sep-13,27.8,498682,103.9
27-Sep-13,27.8,498682,103.9
28-Sep-13,27.8,498163,103.7
29-Sep-13,27.8,497125,103.5
30-Sep-13,27.8,496089,103.3
1-Oct-13,27.8,496089,103.3
2-Oct-13,27.7,495055,103.1
3-Oct-13,27.7,494021,102.9
4-Oct-13,27.7,492473,102.6
5-Oct-13,27.7,492473,102.6
6-Oct-13,27.7,490928,102.2
7-Oct-13,27.6,489899,102
8-Oct-13,27.6,488872,101.8
9-Oct-13,27.6,488358,101.7
10-Oct-13,27.6,488358,101.7
11-Oct-13,27.6,487845,101.6
12-Oct-13,27.6,487845,101.6
13-Oct-13,27.6,486821,101.4
14-Oct-13,27.6,485797,101.2
15-Oct-13,27.5,485285,101.1
16-Oct-13,27.5,485285,101.1
17-Oct-13,27.5,485285,101.1
18-Oct-13,27.5,484774,101
19-Oct-13,27.5,484774,101
20-Oct-13,27.5,484774,101
21-Oct-13,27.5,484263,100.8
22-Oct-13,27.5,484263,100.8
23-Oct-13,27.5,484263,100.8
24-Oct-13,27.5,483753,100.7
25-Oct-13,27.5,483753,100.7
26-Oct-13,27.5,484774,101
27-Oct-13,27.5,484774,101
28-Oct-13,27.5,484774,101
29-Oct-13,27.5,484774,101
30-Oct-13,27.5,484263,100.8
31-Oct-13,27.5,484263,100.8
1-Nov-13,27.5,485285,101.1
2-Nov-13,27.7,491958,102.5
3-Nov-13,27.6,490413,102.1
4-Nov-13,27.6,488358,101.7
5-Nov-13,27.6,487845,101.6
6-Nov-13,27.6,487845,101.6
7-Nov-13,27.6,487845,101.6
8-Nov-13,27.6,485797,101.2
9-Nov-13,27.5,485285,101.1
10-Nov-13,27.5,485285,101.1
11-Nov-13,27.5,484263,100.8
12-Nov-13,27.5,483243,100.6
13-Nov-13,27.5,482733,100.5
14-Nov-13,27.5,482733,100.5
15-Nov-13,27.5,481205,100.2
16-Nov-13,27.8,500241,104.2
17-Nov-13,28.1,511758,106.6
18-Nov-13,28.1,511758,106.6
19-Nov-13,28,510705,106.4
20-Nov-13,28,506505,105.5
21-Nov-13,27.9,505458,105.3
22-Nov-13,27.8,500761,104.3
23-Nov-13,27.8,499721,104.1
24-Nov-13,27.8,496089,103.3
25-Nov-13,27.7,495055,103.1
26-Nov-13,27.7,494021,102.9
27-Nov-13,27.7,491443,102.3
28-Nov-13,27.6,490413,102.1
29-Nov-13,27.6,489385,101.9
30-Nov-13,27.6,488358,101.7
1-Dec-13,27.6,487333,101.5
2-Dec-13,27.6,486309,101.3
3-Dec-13,27.5,485285,101.1
4-Dec-13,27.5,484774,101
5-Dec-13,27.5,483753,100.7
6-Dec-13,27.5,483243,100.6
7-Dec-13,27.5,481714,100.3
8-Dec-13,27.5,480697,100.1
9-Dec-13,27.5,480697,100.1
10-Dec-13,27.4,479680,99.9
11-Dec-13,27.4,479172,99.8
12-Dec-13,27.4,478158,99.6
13-Dec-13,27.4,477651,99.5
14-Dec-13,27.3,474617,98.8
15-Dec-13,27.4,476132,99.2
16-Dec-13,27.3,474617,98.8
17-Dec-13,27.3,473103,98.5
18-Dec-13,27.3,471593,98.2
19-Dec-13,27.2,470086,97.9
20-Dec-13,27.2,468581,97.6
21-Dec-13,27.2,466079,97.1
22-Dec-13,27.1,465080,96.9
23-Dec-13,27.1,463585,96.5
24-Dec-13,27.1,461595,96.1
25-Dec-13,27.1,460602,95.9
26-Dec-13,27,459610,95.7
27-Dec-13,27,457630,95.3
28-Dec-13,27,456642,95.1
29-Dec-13,26.9,454670,94.7
30-Dec-13,26.9,453194,94.4
31-Dec-13,26.9,451230,94
1-Jan-14,26.8,449760,93.7
2-Jan-14,26.8,448294,93.4
3-Jan-14,26.8,446830,93.1
4-Jan-14,26.8,445855,92.9
5-Jan-14,26.7,444882,92.6
6-Jan-14,26.7,443425,92.3
7-Jan-14,26.8,446342,93
8-Jan-14,26.9,451720,94.1
9-Jan-14,26.9,451720,94.1
10-Jan-14,26.9,453194,94.4
11-Jan-14,26.9,454670,94.7
12-Jan-14,26.9,452702,94.3
13-Jan-14,26.9,450740,93.9
14-Jan-14,26.9,450740,93.9
15-Jan-14,26.8,449760,93.7
16-Jan-14,26.8,448294,93.4
17-Jan-14,26.8,448294,93.4
18-Jan-14,26.7,445368,92.7
19-Jan-14,26.7,443425,92.3
20-Jan-14,26.7,441485,91.9
21-Jan-14,26.6,440034,91.6
22-Jan-14,26.6,438586,91.3
23-Jan-14,26.6,437141,91
24-Jan-14,26.5,435698,90.7
25-Jan-14,26.5,435218,90.6
26-Jan-14,26.5,433778,90.3
27-Jan-14,26.5,431864,89.9
28-Jan-14,26.4,430909,89.7
29-Jan-14,26.4,429954,89.5
30-Jan-14,26.4,427574,89
31-Jan-14,26.3,426150,88.7
1-Feb-14,26.3,424728,88.5
2-Feb-14,26.3,423782,88.3
3-Feb-14,26.3,422365,88
4-Feb-14,26.2,421422,87.8
5-Feb-14,26.2,420950,87.7
6-Feb-14,26.2,420009,87.5
7-Feb-14,26.2,419069,87.3
8-Feb-14,26.2,417661,87
9-Feb-14,26.1,416256,86.7
10-Feb-14,26.1,414853,86.4
11-Feb-14,26.1,413453,86.1
12-Feb-14,26.1,412522,85.9
13-Feb-14,26,411591,85.7
14-Feb-14,26,409270,85.2
15-Feb-14,26,408344,85
16-Feb-14,25.9,407419,84.8
17-Feb-14,25.9,406495,84.7
18-Feb-14,25.9,405573,84.5
19-Feb-14,25.9,404191,84.2
20-Feb-14,25.9,403272,84
21-Feb-14,25.8,402353,83.8
22-Feb-14,25.8,401436,83.6
23-Feb-14,25.8,400520,83.4
24-Feb-14,25.8,399606,83.2
25-Feb-14,25.8,398692,83
26-Feb-14,25.7,397780,82.8
27-Feb-14,25.7,396869,82.6
28-Feb-14,25.7,395504,82.4
1-Mar-14,25.7,394596,82.2
2-Mar-14,25.6,391879,81.6
3-Mar-14,25.6,389623,81.1
4-Mar-14,25.5,388723,81
5-Mar-14,25.5,387375,80.7
6-Mar-14,25.5,386029,80.4
7-Mar-14,26.5,432342,90
8-Mar-14,25.4,383347,79.8
9-Mar-14,25.4,382009,79.6
10-Mar-14,25.4,380674,79.3
11-Mar-14,25.3,380230,79.2
12-Mar-14,25.3,379786,79.1
13-Mar-14,25.3,378456,78.8
14-Mar-14,25.3,377128,78.5
15-Mar-14,25.3,376245,78.4
16-Mar-14,25.2,375362,78.2
17-Mar-14,25.2,374481,78
18-Mar-14,25.2,373601,77.8
19-Mar-14,25.2,373601,77.8
20-Mar-14,25.2,371845,77.4
21-Mar-14,25.1,370968,77.3
22-Mar-14,25.1,370093,77.1
23-Mar-14,25.1,369219,76.9
24-Mar-14,25.1,367474,76.5
25-Mar-14,25,366169,76.3
26-Mar-14,25,366169,76.3
27-Mar-14,25.1,369656,77
28-Mar-14,25.1,368346,76.7
29-Mar-14,25.1,368346,76.7
30-Mar-14,25.1,367474,76.5
31-Mar-14,25,366604,76.3
1-Apr-14,25,366604,76.3
2-Apr-14,25,367039,76.4
3-Apr-14,25.1,369656,77
4-Apr-14,25.1,369656,77
5-Apr-14,25.1,368782,76.8
6-Apr-14,25.1,367910,76.6
7-Apr-14,25,367039,76.4
8-Apr-14,25,366169,76.3
9-Apr-14,25,366169,76.3
10-Apr-14,25,365735,76.2
11-Apr-14,25,365300,76.1
12-Apr-14,25,365300,76.1
13-Apr-14,25,364866,76
14-Apr-14,25,364433,75.9
15-Apr-14,25,363566,75.7
16-Apr-14,24.9,362269,75.4
17-Apr-14,24.9,361405,75.3
18-Apr-14,24.9,360974,75.2
19-Apr-14,24.9,360543,75.1
20-Apr-14,24.9,359682,74.9
21-Apr-14,24.9,359252,74.8
22-Apr-14,24.9,358822,74.7
23-Apr-14,24.9,358822,74.7
24-Apr-14,24.8,357963,74.5
25-Apr-14,24.8,357534,74.5
26-Apr-14,24.8,356677,74.3
27-Apr-14,24.8,355821,74.1
28-Apr-14,24.8,354967,73.9
29-Apr-14,24.8,354540,73.8
30-Apr-14,24.8,354540,73.8
1-May-14,24.7,353687,73.7
2-May-14,24.7,353687,73.7
3-May-14,24.7,352835,73.5
4-May-14,24.7,352835,73.5
5-May-14,24.7,352410,73.4
6-May-14,24.7,352410,73.4
7-May-14,24.7,351984,73.3
8-May-14,24.7,351984,73.3
9-May-14,24.7,351984,73.3
10-May-14,24.8,354540,73.8
11-May-14,24.8,356677,74.3
12-May-14,24.8,356677,74.3
13-May-14,24.8,358392,74.6
14-May-14,24.8,357963,74.5
15-May-14,24.8,357963,74.5
16-May-14,24.9,358822,74.7
17-May-14,24.9,358822,74.7
18-May-14,24.9,358822,74.7
19-May-14,24.8,358392,74.6
20-May-14,24.8,358392,74.6
21-May-14,24.8,358392,74.6
22-May-14,24.8,358392,74.6
23-May-14,24.9,358822,74.7
24-May-14,24.9,358822,74.7
25-May-14,24.9,358822,74.7
26-May-14,24.9,361837,75.4
27-May-14,24.9,361837,75.4
28-May-14,24.9,361837,75.4
29-May-14,25,365300,76.1
30-May-14,25.1,367474,76.5
31-May-14,25.2,371845,77.4
1-Jun-14,25.2,371845,77.4
2-Jun-14,25.2,371845,77.4
3-Jun-14,25.4,380674,79.3
4-Jun-14,25.7,394143,82.1
5-Jun-14,26,410198,85.4
6-Jun-14,26.1,414853,86.4
7-Jun-14,26.1,416724,86.8
8-Jun-14,26.1,416724,86.8
9-Jun-14,26.3,421893,87.9
10-Jun-14,26.4,430909,89.7
11-Jun-14,26.5,433299,90.2
12-Jun-14,26.5,435218,90.6
13-Jun-14,26.6,436178,90.8
14-Jun-14,26.6,436178,90.8
15-Jun-14,26.7,441002,91.8
16-Jun-14,27.1,460602,95.9
17-Jun-14,27.1,461595,96.1
18-Jun-14,27.1,463585,96.5
19-Jun-14,27.1,463585,96.5
20-Jun-14,27.1,463585,96.5
21-Jun-14,27.3,471593,98.2
22-Jun-14,27.3,473103,98.5
23-Jun-14,27.3,473103,98.5
24-Jun-14,27.3,473103,98.5
25-Jun-14,27.3,473103,98.5
26-Jun-14,27.4,475627,99.1
27-Jun-14,27.4,480188,100
28-Jun-14,27.5,481714,100.3
29-Jun-14,27.5,483243,100.6
30-Jun-14,27.5,483243,100.6
1-Jul-14,27.5,483243,100.6
2-Jul-14,27.5,483243,100.6
3-Jul-14,27.5,483243,100.6
4-Jul-14,27.5,483243,100.6
5-Jul-14,27.5,485285,101.1
6-Jul-14,27.7,490928,102.2
7-Jul-14,27.7,490928,102.2
8-Jul-14,27.7,490928,102.2
9-Jul-14,27.6,490413,102.1
10-Jul-14,27.6,490413,102.1
11-Jul-14,27.6,489385,101.9
12-Jul-14,27.6,489385,101.9
13-Jul-14,27.6,488358,101.7
14-Jul-14,27.6,487845,101.6
15-Jul-14,27.6,487845,101.6
16-Jul-14,27.6,487333,101.5
17-Jul-14,27.6,487333,101.5
18-Jul-14,27.8,496089,103.3
19-Jul-14,27.8,500241,104.2
20-Jul-14,27.8,500241,104.2
21-Jul-14,27.8,498682,103.9
22-Jul-14,27.8,498163,103.7
23-Jul-14,27.8,496089,103.3
24-Jul-14,27.7,495055,103.1
25-Jul-14,27.8,497125,103.5
26-Jul-14,27.9,505458,105.3
27-Jul-14,28,506505,105.5
28-Jul-14,27.9,505981,105.4
29-Jul-14,27.9,505981,105.4
30-Jul-14,27.9,505981,105.4
31-Jul-14,27.9,504935,105.2
1-Aug-14,27.7,495572,103.2
2-Aug-14,27.7,495572,103.2
3-Aug-14,27.7,494538,103
4-Aug-14,27.7,493505,102.8
5-Aug-14,27.7,495055,103.1
6-Aug-14,27.7,495055,103.1
7-Aug-14,27.8,496089,103.3
8-Aug-14,27.8,496089,103.3
9-Aug-14,27.7,495055,103.1
10-Aug-14,27.7,494021,102.9
11-Aug-14,27.7,494021,102.9
12-Aug-14,27.7,492473,102.6
13-Aug-14,27.7,492473,102.6
14-Aug-14,27.7,493505,102.8
15-Aug-14,27.7,494021,102.9
16-Aug-14,27.7,490928,102.2
17-Aug-14,27.7,490928,102.2
18-Aug-14,27.7,490928,102.2
19-Aug-14,27.7,490928,102.2
20-Aug-14,27.7,490928,102.2
21-Aug-14,27.6,489899,102
22-Aug-14,27.8,496089,103.3
23-Aug-14,27.8,496089,103.3
24-Aug-14,27.8,496089,103.3
25-Aug-14,27.7,493505,102.8
26-Aug-14,27.7,493505,102.8
27-Aug-14,27.8,496089,103.3
28-Aug-14,28,507029,105.6
29-Aug-14,28,510179,106.2
30-Aug-14,28,510179,106.2
31-Aug-14,28,510179,106.2
1-Sep-14,28,507553,105.7
2-Sep-14,28,507029,105.6
3-Sep-14,27.9,502324,104.6
4-Sep-14,27.8,500761,104.3
5-Sep-14,27.7,495572,103.2
6-Sep-14,27.7,494538,103
7-Sep-14,27.7,493505,102.8
8-Sep-14,27.7,492989,102.7
9-Sep-14,27.7,491958,102.5
10-Sep-14,27.6,490413,102.1
11-Sep-14,27.6,489899,102
12-Sep-14,27.6,489385,101.9
13-Sep-14,27.6,487333,101.5
14-Sep-14,27.6,486309,101.3
15-Sep-14,27.6,486309,101.3
16-Sep-14,27.5,482223,100.4
17-Sep-14,27.5,482223,100.4
18-Sep-14,27.5,482223,100.4
19-Sep-14,27.6,488872,101.8
20-Sep-14,27.9,501803,104.5
21-Sep-14,27.6,489899,102
22-Sep-14,27.6,490413,102.1
23-Sep-14,27.6,489385,101.9
24-Sep-14,27.6,487333,101.5
25-Sep-14,27.6,487333,101.5
26-Sep-14,27.6,485797,101.2
27-Sep-14,27.6,488358,101.7
28-Sep-14,27.6,488358,101.7
29-Sep-14,27.6,488358,101.7
30-Sep-14,27.6,485797,101.2
1-Oct-14,27.6,486309,101.3
2-Oct-14,27.6,485797,101.2
3-Oct-14,27.5,485285,101.1
4-Oct-14,27.5,485285,101.1
5-Oct-14,27.5,484774,101
6-Oct-14,27.5,484774,101
7-Oct-14,27.5,484774,101
8-Oct-14,27.5,484263,100.8
9-Oct-14,27.5,484263,100.8
10-Oct-14,27.5,483243,100.6
11-Oct-14,27.5,482223,100.4
12-Oct-14,27.5,482223,100.4
13-Oct-14,27.5,480697,100.1
14-Oct-14,27.5,480697,100.1
15-Oct-14,27.5,480697,100.1
16-Oct-14,27.4,480188,100
17-Oct-14,27.4,480188,100
18-Oct-14,27.4,479680,99.9
19-Oct-14,27.4,479172,99.8
20-Oct-14,27.4,478665,99.7
21-Oct-14,27.4,478665,99.7
22-Oct-14,27.4,478158,99.6
23-Oct-14,27.4,478158,99.6
24-Oct-14,27.4,477145,99.4
25-Oct-14,27.4,476132,99.2
26-Oct-14,27.3,475122,98.9
27-Oct-14,27.3,473103,98.5
28-Oct-14,27.3,473103,98.5
29-Oct-14,27.3,472600,98.4
30-Oct-14,27.3,472600,98.4
31-Oct-14,27.3,470588,98
1-Nov-14,27.2,469584,97.8
2-Nov-14,27.2,468080,97.5
3-Nov-14,27.2,468080,97.5
4-Nov-14,27.2,468080,97.5
5-Nov-14,27.1,464083,96.6
6-Nov-14,27.1,464582,96.8
7-Nov-14,27.1,464083,96.6
8-Nov-14,27.1,463087,96.4
9-Nov-14,27.1,462092,96.2
10-Nov-14,27.1,460602,95.9
11-Nov-14,27,460106,95.8
12-Nov-14,27,460106,95.8
13-Nov-14,27,460106,95.8
14-Nov-14,27,459115,95.6
15-Nov-14,27.1,460602,95.9
16-Nov-14,27.1,461098,96
17-Nov-14,27.1,460602,95.9
18-Nov-14,27.1,460602,95.9
19-Nov-14,27,460106,95.8
20-Nov-14,27,460106,95.8
21-Nov-14,27,459610,95.7
22-Nov-14,27,459115,95.6
23-Nov-14,27,456148,95
24-Nov-14,26.9,455162,94.8
25-Nov-14,26.9,454177,94.6
26-Nov-14,26.9,454177,94.6
27-Nov-14,26.9,454177,94.6
28-Nov-14,26.9,454177,94.6
29-Nov-14,26.8,450250,93.8
30-Nov-14,26.8,449271,93.6
1-Dec-14,26.8,448294,93.4
2-Dec-14,26.8,446830,93.1
3-Dec-14,26.8,445855,92.9
4-Dec-14,26.7,444396,92.5
5-Dec-14,26.7,443425,92.3
6-Dec-14,26.7,442454,92.1
7-Dec-14,26.7,441485,91.9
8-Dec-14,26.6,440518,91.7
9-Dec-14,26.6,439551,91.5
10-Dec-14,26.6,437622,91.1
11-Dec-14,26.6,437622,91.1
12-Dec-14,26.6,437622,91.1
13-Dec-14,26.5,434738,90.5
14-Dec-14,26.5,432342,90
15-Dec-14,26.5,431386,89.8
16-Dec-14,26.4,430431,89.6
17-Dec-14,26.4,429001,89.3
18-Dec-14,26.4,426624,88.8
19-Dec-14,26.3,426150,88.7
20-Dec-14,26.3,426150,88.7
21-Dec-14,26.3,424255,88.4
22-Dec-14,26.3,421893,87.9
23-Dec-14,26.2,420950,87.7
24-Dec-14,26.2,419539,87.4
25-Dec-14,26.2,417661,87
26-Dec-14,26.1,416256,86.7
27-Dec-14,26.1,414853,86.4
28-Dec-14,26.1,413453,86.1
29-Dec-14,26.1,412522,85.9
30-Dec-14,26,411591,85.7
31-Dec-14,26,410198,85.4
1-Jan-15,26,408807,85.1
2-Jan-15,25.9,407419,84.8
3-Jan-15,25.9,406495,84.7
4-Jan-15,25.9,405112,84.4
5-Jan-15,25.9,405112,84.4
6-Jan-15,25.8,402812,83.9
7-Jan-15,25.8,401436,83.6
8-Jan-15,25.8,400063,83.3
9-Jan-15,25.7,398236,82.9
10-Jan-15,25.7,396414,82.6
11-Jan-15,25.7,394596,82.2
12-Jan-15,25.7,394143,82.1
13-Jan-15,25.6,393236,81.9
14-Jan-15,25.6,390976,81.4
15-Jan-15,25.5,389173,81
16-Jan-15,25.5,388273,80.9
17-Jan-15,25.5,386926,80.6
18-Jan-15,25.5,385582,80.3
19-Jan-15,25.4,384240,80
20-Jan-15,25.4,382900,79.7
21-Jan-15,25.4,382009,79.6
22-Jan-15,25.4,380674,79.3
23-Jan-15,25.3,378899,78.9
24-Jan-15,25.3,378013,78.7
25-Jan-15,25.3,377128,78.5
26-Jan-15,25.3,376245,78.4
27-Jan-15,25.2,374041,77.9
28-Jan-15,25.2,371845,77.4
29-Jan-15,25.1,370530,77.2
30-Jan-15,25.1,369219,76.9
31-Jan-15,25.1,367474,76.5
1-Feb-15,25,366169,76.3
2-Feb-15,25,363566,75.7
3-Feb-15,24.9,362701,75.5
4-Feb-15,24.9,361837,75.4
5-Feb-15,24.9,360974,75.2
6-Feb-15,24.9,359682,74.9
7-Feb-15,24.9,358822,74.7
8-Feb-15,24.8,357963,74.5
9-Feb-15,24.8,357105,74.4
10-Feb-15,24.8,356677,74.3
11-Feb-15,24.8,356249,74.2
12-Feb-15,24.8,354540,73.8
13-Feb-15,24.7,353687,73.7
14-Feb-15,24.7,352835,73.5
15-Feb-15,24.7,352410,73.4
16-Feb-15,24.7,351560,73.2
17-Feb-15,24.7,350711,73
18-Feb-15,24.6,349863,72.9
19-Feb-15,24.6,348171,72.5
20-Feb-15,24.4,340617,70.9
21-Feb-15,24.3,335633,69.9
22-Feb-15,24.3,335220,69.8
23-Feb-15,24.3,336461,70.1
24-Feb-15,24.3,333981,69.6
25-Feb-15,24.3,334394,69.6
26-Feb-15,24.2,331923,69.1
27-Feb-15,24.2,330282,68.8
28-Feb-15,24.1,329054,68.5
1-Mar-15,24.1,327421,68.2
2-Mar-15,24.1,325386,67.8
3-Mar-15,24,324169,67.5
4-Mar-15,24,323359,67.3
5-Mar-15,24,321338,66.9
6-Mar-15,23.9,320532,66.8
7-Mar-15,23.9,319323,66.5
8-Mar-15,23.9,317715,66.2
9-Mar-15,23.8,316913,66
10-Mar-15,23.8,316913,66
11-Mar-15,23.8,314514,65.5
12-Mar-15,23.7,312920,65.2
13-Mar-15,23.7,310935,64.8
14-Mar-15,23.7,309352,64.4
15-Mar-15,23.6,308562,64.3
16-Mar-15,23.6,307380,64
17-Mar-15,23.6,305808,63.7
18-Mar-15,23.5,305024,63.5
19-Mar-15,23.5,303460,63.2
20-Mar-15,23.5,301511,62.8
21-Mar-15,23.4,299957,62.5
22-Mar-15,23.4,299570,62.4
23-Mar-15,23.4,299183,62.3
24-Mar-15,23.4,297637,62
25-Mar-15,23.3,296866,61.8
26-Mar-15,23.3,295711,61.6
27-Mar-15,23.3,294560,61.3
28-Mar-15,23.2,293411,61.1
29-Mar-15,23.2,291884,60.8
30-Mar-15,23.2,290742,60.5
31-Mar-15,23.1,289603,60.3
1-Apr-15,23.1,288467,60.1
2-Apr-15,23.1,287333,59.8
3-Apr-15,23,285827,59.5
4-Apr-15,23,284700,59.3
5-Apr-15,23,283203,59
6-Apr-15,22.9,282083,58.7
7-Apr-15,22.9,280966,58.5
8-Apr-15,22.9,280223,58.4
9-Apr-15,22.9,279111,58.1
10-Apr-15,22.8,277633,57.8
11-Apr-15,22.8,276896,57.7
12-Apr-15,22.8,276161,57.5
13-Apr-15,22.8,275426,57.4
14-Apr-15,22.7,274693,57.2
15-Apr-15,22.7,273962,57.1
16-Apr-15,22.7,273962,57.1
17-Apr-15,22.6,270686,56.4
18-Apr-15,22.6,270686,56.4
19-Apr-15,22.6,270686,56.4
20-Apr-15,22.6,268157,55.8
21-Apr-15,22.5,267438,55.7
22-Apr-15,22.5,266720,55.5
23-Apr-15,22.5,265645,55.3
24-Apr-15,22.5,264574,55.1
25-Apr-15,22.4,263150,54.8
26-Apr-15,22.4,262086,54.6
27-Apr-15,22.4,261378,54.4
28-Apr-15,22.4,260672,54.3
29-Apr-15,22.3,259616,54.1
30-Apr-15,22.3,258562,53.8
1-May-15,22.3,257162,53.6
2-May-15,22.2,256465,53.4
3-May-15,22.2,256116,53.3
4-May-15,22.2,255421,53.2
5-May-15,22.2,254380,53
6-May-15,22.2,253688,52.8
7-May-15,22.1,252998,52.7
8-May-15,22.1,252309,52.5
9-May-15,22.1,251621,52.4
10-May-15,22.1,250935,52.3
11-May-15,22,249567,52
12-May-15,22,248885,51.8
13-May-15,22,247865,51.6
14-May-15,22,246848,51.4
15-May-15,21.9,246510,51.3
16-May-15,21.9,246174,51.3
17-May-15,21.9,245502,51.1
18-May-15,21.9,244832,51
19-May-15,21.9,244164,50.8
20-May-15,21.9,243497,50.7
21-May-15,21.8,242831,50.6
22-May-15,21.8,241836,50.4
23-May-15,21.8,241174,50.2
24-May-15,21.8,240513,50.1
25-May-15,21.7,239854,50
26-May-15,21.7,239196,49.8
27-May-15,21.7,238213,49.6
28-May-15,21.7,237558,49.5
29-May-15,21.7,236906,49.3
30-May-15,21.6,236255,49.2
31-May-15,21.6,235929,49.1
1-Jun-15,21.6,235605,49.1
2-Jun-15,21.6,236580,49.3
3-Jun-15,21.8,242831,50.6
4-Jun-15,22,247865,51.6
5-Jun-15,22.1,250250,52.1
6-Jun-15,22.1,251965,52.5
7-Jun-15,22.1,251965,52.5
8-Jun-15,22.1,251621,52.4
9-Jun-15,22.1,251621,52.4
10-Jun-15,22.1,251278,52.3
11-Jun-15,22.1,251278,52.3
12-Jun-15,22.1,250935,52.3
13-Jun-15,22.1,250935,52.3
14-Jun-15,22.1,250592,52.2
15-Jun-15,22.1,250592,52.2
16-Jun-15,22.1,252309,52.5
17-Jun-15,22.1,253343,52.8
18-Jun-15,22.2,255074,53.1
19-Jun-15,22.2,255421,53.2
20-Jun-15,22.2,255421,53.2
21-Jun-15,22.2,255074,53.1
22-Jun-15,22.2,255074,53.1
23-Jun-15,22.2,254727,53
24-Jun-15,22.2,254727,53
25-Jun-15,22.4,263861,54.9
26-Jun-15,22.5,266003,55.4
27-Jun-15,22.5,266003,55.4
28-Jun-15,22.5,266720,55.5
29-Jun-15,22.5,267438,55.7
30-Jun-15,22.5,267438,55.7
1-Jul-15,22.5,267438,55.7
2-Jul-15,22.5,267078,55.6
3-Jul-15,22.5,267078,55.6
4-Jul-15,22.5,267078,55.6
5-Jul-15,22.5,266720,55.5
6-Jul-15,22.5,266003,55.4
7-Jul-15,22.5,266003,55.4
8-Jul-15,22.5,266003,55.4
9-Jul-15,22.5,265645,55.3
10-Jul-15,22.5,265288,55.2
11-Jul-15,22.5,265288,55.2
12-Jul-15,22.5,265288,55.2
13-Jul-15,22.5,266003,55.4
14-Jul-15,22.5,266003,55.4
15-Jul-15,22.5,266003,55.4
16-Jul-15,22.5,265645,55.3
17-Jul-15,22.5,265645,55.3
18-Jul-15,22.9,279482,58.2
19-Jul-15,22.9,279482,58.2
20-Jul-15,23.1,286203,59.6
21-Jul-15,23.1,287711,59.9
22-Jul-15,23.1,288845,60.2
23-Jul-15,23.2,293411,61.1
24-Jul-15,23.4,299570,62.4
25-Jul-15,23.5,305024,63.5
26-Jul-15,23.7,309352,64.4
27-Jul-15,23.7,309352,64.4
28-Jul-15,23.7,311331,64.8
29-Jul-15,23.7,311331,64.8
30-Jul-15,23.7,311331,64.8
31-Jul-15,24,324574,67.6
1-Aug-15,24.1,327013,68.1
2-Aug-15,24.1,327829,68.3
3-Aug-15,24.1,329054,68.5
4-Aug-15,24.1,329054,68.5
5-Aug-15,24.4,339783,70.8
6-Aug-15,24.4,339783,70.8
7-Aug-15,24.4,341034,71
8-Aug-15,24.5,341869,71.2
9-Aug-15,24.5,342706,71.4
10-Aug-15,24.5,342706,71.4
11-Aug-15,24.5,342706,71.4
12-Aug-15,24.5,342706,71.4
13-Aug-15,24.5,342706,71.4
14-Aug-15,24.5,345222,71.9
15-Aug-15,24.5,345222,71.9
16-Aug-15,24.6,346906,72.2
17-Aug-15,24.6,347749,72.4
18-Aug-15,24.6,348171,72.5
19-Aug-15,24.6,349017,72.7
20-Aug-15,24.6,349863,72.9
21-Aug-15,24.7,350287,72.9
22-Aug-15,24.7,350287,72.9
23-Aug-15,24.7,350287,72.9
24-Aug-15,24.6,349863,72.9
25-Aug-15,24.6,349863,72.9
26-Aug-15,24.7,351135,73.1
27-Aug-15,24.7,351135,73.1
28-Aug-15,24.7,351135,73.1
29-Aug-15,24.7,351560,73.2
30-Aug-15,24.7,351560,73.2
31-Aug-15,24.7,353261,73.6
1-Sep-15,24.8,358392,74.6
2-Sep-15,24.9,360974,75.2
3-Sep-15,24.9,362269,75.4
4-Sep-15,24.9,362269,75.4
5-Sep-15,24.9,362269,75.4
6-Sep-15,24.9,362269,75.4
7-Sep-15,24.9,360974,75.2
8-Sep-15,25,363134,75.6
9-Sep-15,25,363566,75.7
10-Sep-15,25,363566,75.7
11-Sep-15,25,363999,75.8
12-Sep-15,25,365300,76.1
13-Sep-15,25,365300,76.1
14-Sep-15,25,364433,75.9
15-Sep-15,25,365300,76.1
16-Sep-15,25,365300,76.1
17-Sep-15,25,365300,76.1
18-Sep-15,25,365735,76.2
19-Sep-15,25,365300,76.1
20-Sep-15,25,365300,76.1
21-Sep-15,25,365300,76.1
22-Sep-15,25,365300,76.1
23-Sep-15,25,365300,76.1
24-Sep-15,25,365300,76.1
25-Sep-15,25,364866,76
26-Sep-15,25,364866,76
27-Sep-15,25,364866,76
28-Sep-15,25,365300,76.1
29-Sep-15,25,365300,76.1
30-Sep-15,25.1,367474,76.5
1-Oct-15,25.1,368782,76.8
2-Oct-15,25.1,368782,76.8
3-Oct-15,25.1,368782,76.8
4-Oct-15,25.1,367474,76.5
5-Oct-15,25.1,367474,76.5
6-Oct-15,25.1,369656,77
7-Oct-15,25.1,369656,77
8-Oct-15,25.1,369219,76.9
9-Oct-15,25.1,368782,76.8
10-Oct-15,25.1,368782,76.8
11-Oct-15,25.1,367910,76.6
12-Oct-15,25.1,367474,76.5
13-Oct-15,25.1,367474,76.5
14-Oct-15,25.1,367474,76.5
15-Oct-15,25.1,368782,76.8
16-Oct-15,25,367039,76.4
17-Oct-15,25,366604,76.3
18-Oct-15,25,366169,76.3
19-Oct-15,25,365300,76.1
20-Oct-15,25,364433,75.9
21-Oct-15,25,363566,75.7
22-Oct-15,24.9,362701,75.5
23-Oct-15,24.9,362701,75.5
24-Oct-15,24.9,362269,75.4
25-Oct-15,24.9,362269,75.4
26-Oct-15,24.9,360974,75.2
27-Oct-15,24.9,359682,74.9
28-Oct-15,24.9,358822,74.7
29-Oct-15,24.9,358822,74.7
30-Oct-15,24.8,357963,74.5
31-Oct-15,24.8,357105,74.4
1-Nov-15,24.8,357105,74.4
2-Nov-15,24.8,356677,74.3
3-Nov-15,24.8,355821,74.1
4-Nov-15,24.7,354113,73.7
5-Nov-15,24.7,353261,73.6
6-Nov-15,24.7,352835,73.5
7-Nov-15,24.7,350711,73
8-Nov-15,24.7,350287,72.9
9-Nov-15,24.6,349863,72.9
10-Nov-15,24.6,349017,72.7
11-Nov-15,24.6,347749,72.4
12-Nov-15,24.5,345643,72
13-Nov-15,24.5,343963,71.6
14-Nov-15,24.5,343543,71.5
15-Nov-15,24.5,342287,71.3
16-Nov-15,24.5,341869,71.2
17-Nov-15,24.4,341034,71
18-Nov-15,24.4,339367,70.7
19-Nov-15,24.4,337705,70.3
20-Nov-15,24.2,332746,69.3
21-Nov-15,24.3,335220,69.8
22-Nov-15,24.3,334394,69.6
23-Nov-15,24.3,333981,69.6
24-Nov-15,24.2,333157,69.4
25-Nov-15,24.2,332334,69.2
26-Nov-15,24.2,331512,69
27-Nov-15,24.2,330692,68.9
28-Nov-15,24.1,329054,68.5
29-Nov-15,24.1,328237,68.4
30-Nov-15,24.1,327421,68.2
1-Dec-15,24.1,325792,67.8
2-Dec-15,24,324980,67.7
3-Dec-15,24,324169,67.5
4-Dec-15,24,322146,67.1
5-Dec-15,23.9,320935,66.8
6-Dec-15,23.9,320128,66.7
7-Dec-15,23.9,319323,66.5
8-Dec-15,23.9,318116,66.2
9-Dec-15,23.8,316913,66
10-Dec-15,23.8,316112,65.8
11-Dec-15,23.8,315312,65.7
12-Dec-15,23.8,313716,65.3
13-Dec-15,23.7,312125,65
14-Dec-15,23.7,310143,64.6
15-Dec-15,23.6,308957,64.3
16-Dec-15,23.6,307380,64
17-Dec-15,23.6,305808,63.7
18-Dec-15,23.5,305024,63.5
19-Dec-15,23.5,303460,63.2
20-Dec-15,23.5,302290,63
21-Dec-15,23.4,301122,62.7
22-Dec-15,23.4,299570,62.4
23-Dec-15,23.4,298023,62.1
24-Dec-15,23.3,296866,61.8
25-Dec-15,23.3,295711,61.6
26-Dec-15,23.3,294177,61.3
27-Dec-15,23.2,292647,60.9
28-Dec-15,23.2,291503,60.7
29-Dec-15,23.2,289982,60.4
30-Dec-15,23.1,288467,60.1
31-Dec-15,23.1,286956,59.8
1-Jan-16,23,285453,59.4
2-Jan-16,23,283951,59.1
3-Jan-16,23,282456,58.8
4-Jan-16,22.9,281338,58.6
5-Jan-16,22.9,280223,58.4
6-Jan-16,22.9,278741,58
7-Jan-16,22.8,277265,57.7
8-Jan-16,22.8,275793,57.4
9-Jan-16,22.7,274693,57.2
10-Jan-16,22.7,273231,56.9
11-Jan-16,22.6,271048,56.4
12-Jan-16,22.6,269239,56.1
13-Jan-16,22.6,267797,55.8
14-Jan-16,22.5,266003,55.4
15-Jan-16,22.5,264574,55.1
16-Jan-16,22.4,263150,54.8
17-Jan-16,22.4,261732,54.5
18-Jan-16,22.3,260320,54.2
19-Jan-16,22.3,258913,53.9
20-Jan-16,22.3,257512,53.6
21-Jan-16,22.2,256116,53.3
22-Jan-16,22.2,254727,53
23-Jan-16,22.1,252653,52.6
24-Jan-16,22.1,251278,52.3
25-Jan-16,22,249908,52
26-Jan-16,22,248545,51.8
27-Jan-16,22,247187,51.5
28-Jan-16,21.9,245838,51.2
29-Jan-16,21.9,244498,50.9
30-Jan-16,21.8,243364,50.7
31-Jan-16,21.8,241504,50.3
1-Feb-16,21.8,240383,50.1
2-Feb-16,21.7,238540,49.7
3-Feb-16,21.7,237232,49.4
4-Feb-16,21.6,235929,49.1
5-Feb-16,21.6,234309,48.8
6-Feb-16,21.6,233664,48.7
7-Feb-16,21.5,231095,48.1
8-Feb-16,21.4,229183,47.7
9-Feb-16,21.4,227284,47.3
10-Feb-16,21.3,225710,47
11-Feb-16,21.3,224145,46.7
12-Feb-16,21.2,222278,46.3
13-Feb-16,21.1,220731,46
14-Feb-16,21.1,220731,46
15-Feb-16,21.1,217967,45.4
16-Feb-16,21,217357,45.3
17-Feb-16,21,215230,44.8
18-Feb-16,20.9,214323,44.6
19-Feb-16,20.9,213419,44.4
20-Feb-16,20.9,211917,44.1
21-Feb-16,20.8,210126,43.8
22-Feb-16,20.8,208939,43.5
23-Feb-16,20.6,205406,42.8
24-Feb-16,20.6,204529,42.6
25-Feb-16,20.6,204529,42.6
26-Feb-16,20.6,203947,42.5
27-Feb-16,20.5,202495,42.2
28-Feb-16,20.5,201052,41.9
29-Feb-16,20.4,198757,41.4
1-Mar-16,20.4,197618,41.2
2-Mar-16,20.3,196482,40.9
3-Mar-16,20.3,195352,40.7
4-Mar-16,20.3,194507,40.5
5-Mar-16,20.2,193385,40.3
6-Mar-16,20.2,192268,40
7-Mar-16,20.1,191155,39.8
8-Mar-16,20.1,190047,39.6
9-Mar-16,20.1,188944,39.3
10-Mar-16,20,186751,38.9
11-Mar-16,19.9,185389,38.6
12-Mar-16,19.9,184303,38.4
13-Mar-16,19.8,183222,38.2
14-Mar-16,19.8,181341,37.8
15-Mar-16,19.7,180539,37.6
16-Mar-16,19.7,179474,37.4
17-Mar-16,19.7,178413,37.2
18-Mar-16,19.6,177357,36.9
19-Mar-16,19.6,176305,36.7
20-Mar-16,19.5,175258,36.5
21-Mar-16,19.5,174215,36.3
22-Mar-16,19.4,172659,36
23-Mar-16,19.4,171627,35.7
24-Mar-16,19.4,170600,35.5
25-Mar-16,19.3,169577,35.3
26-Mar-16,19.3,168559,35.1
27-Mar-16,19.2,167545,34.9
28-Mar-16,19.2,166536,34.7
29-Mar-16,19.2,166536,34.7
30-Mar-16,19.2,165781,34.5
31-Mar-16,19.1,164031,34.2
1-Apr-16,19.1,162789,33.9
2-Apr-16,19.1,162789,33.9
3-Apr-16,19.1,162789,33.9
4-Apr-16,19,161554,33.6
5-Apr-16,19,160816,33.5
6-Apr-16,18.9,159837,33.3
7-Apr-16,18.9,158861,33.1
8-Apr-16,18.9,158133,32.9
9-Apr-16,18.8,157406,32.8
10-Apr-16,18.8,156201,32.5
11-Apr-16,18.7,155242,32.3
12-Apr-16,18.7,154287,32.1
13-Apr-16,18.7,153100,31.9
14-Apr-16,18.6,151919,31.6
15-Apr-16,18.6,150980,31.4
16-Apr-16,18.5,150044,31.2
17-Apr-16,18.5,148881,31
18-Apr-16,18.4,148186,30.9
19-Apr-16,18.4,147264,30.7
20-Apr-16,18.4,146116,30.4
21-Apr-16,18.3,145203,30.2
22-Apr-16,18.3,144068,30
23-Apr-16,18.6,151919,31.6
24-Apr-16,18.7,153100,31.9
25-Apr-16,18.7,153100,31.9
26-Apr-16,18.6,152863,31.8
27-Apr-16,18.6,152627,31.8
28-Apr-16,18.6,152391,31.7
29-Apr-16,18.6,152391,31.7
30-Apr-16,18.8,156201,32.5
1-May-16,18.8,157406,32.8
2-May-16,18.8,157406,32.8
3-May-16,18.8,157165,32.7
4-May-16,18.8,156201,32.5
5-May-16,18.8,156201,32.5
6-May-16,18.8,155721,32.4
7-May-16,18.7,154764,32.2
8-May-16,18.7,154287,32.1
9-May-16,18.7,153812,32
10-May-16,18.7,153100,31.9
11-May-16,18.6,152627,31.8
12-May-16,18.6,152155,31.7
13-May-16,18.6,151449,31.5
14-May-16,18.6,150745,31.4
15-May-16,18.5,150511,31.3
16-May-16,18.5,149578,31.1
17-May-16,18.5,149113,31.1
18-May-16,18.5,148649,31
19-May-16,18.4,148186,30.9
20-May-16,18.4,147724,30.8
21-May-16,18.4,147264,30.7
22-May-16,18.4,146804,30.6
23-May-16,18.4,146345,30.5
24-May-16,18.3,145888,30.4
25-May-16,18.4,146116,30.4
26-May-16,18.3,145888,30.4
27-May-16,18.3,145431,30.3
28-May-16,18.3,145203,30.2
29-May-16,18.3,144976,30.2
30-May-16,18.3,144068,30
31-May-16,18.3,143842,30
1-Jun-16,18.2,143616,29.9
2-Jun-16,18.2,143390,29.9
3-Jun-16,18.2,143616,29.9
4-Jun-16,18.2,143165,29.8
5-Jun-16,18.2,142041,29.6
6-Jun-16,18.1,141370,29.4
7-Jun-16,18.1,140480,29.3
8-Jun-16,18.1,140036,29.2
9-Jun-16,18.1,139593,29.1
10-Jun-16,18,139151,29
11-Jun-16,18.2,141594,29.5
12-Jun-16,18.2,142714,29.7
13-Jun-16,18.2,142714,29.7
14-Jun-16,18.2,142490,29.7
15-Jun-16,18.2,142490,29.7
16-Jun-16,18.6,151314,31.5
17-Jun-16,18.7,153100,31.9
18-Jun-16,18.7,153100,31.9
19-Jun-16,18.7,154287,32.1
20-Jun-16,18.8,156682,32.6
21-Jun-16,19,161801,33.7
22-Jun-16,19,162542,33.8
23-Jun-16,19.1,162789,33.9
24-Jun-16,19.1,162789,33.9
25-Jun-16,19.1,162789,33.9
26-Jun-16,19,162542,33.8
27-Jun-16,19.1,164031,34.2
28-Jun-16,19.3,167798,34.9
29-Jun-16,19.3,168305,35
30-Jun-16,19.3,169577,35.3
1-Jul-16,19.3,169577,35.3
2-Jul-16,19.6,176830,36.8
3-Jul-16,19.7,178678,37.2
4-Jul-16,19.7,179474,37.4
5-Jul-16,19.7,179474,37.4
6-Jul-16,19.9,183492,38.2
7-Jul-16,20,187024,38.9
8-Jul-16,20,187845,39.1
9-Jul-16,20,188119,39.2
10-Jul-16,20.1,189771,39.5
11-Jul-16,20.1,189771,39.5
12-Jul-16,20.1,190047,39.6
13-Jul-16,20.1,190324,39.6
14-Jul-16,20.1,190324,39.6
15-Jul-16,20.1,190324,39.6
16-Jul-16,20.1,190324,39.6
17-Jul-16,20.1,190601,39.7
18-Jul-16,20.1,190878,39.8
19-Jul-16,20.1,190878,39.8
20-Jul-16,20.1,190878,39.8
21-Jul-16,20.4,199902,41.6
22-Jul-16,20.6,204529,42.6
23-Jul-16,20.7,206578,43
24-Jul-16,20.7,208643,43.5
25-Jul-16,20.8,208939,43.5
26-Jul-16,20.8,211618,44.1
27-Jul-16,21.1,217967,45.4
28-Jul-16,21.1,218579,45.5
29-Jul-16,21.3,224770,46.8
30-Jul-16,21.4,227284,47.3
31-Jul-16,21.4,229501,47.8
1-Aug-16,21.5,230456,48
2-Aug-16,21.5,230776,48.1
3-Aug-16,21.5,232056,48.3
4-Aug-16,21.5,233341,48.6
5-Aug-16,21.6,233986,48.7
6-Aug-16,21.6,234633,48.9
7-Aug-16,21.6,234633,48.9
8-Aug-16,21.6,236255,49.2
9-Aug-16,21.6,236255,49.2
10-Aug-16,21.6,236255,49.2
11-Aug-16,21.6,236580,49.3
12-Aug-16,21.6,236580,49.3
13-Aug-16,21.6,233986,48.7
14-Aug-16,21.6,233986,48.7
15-Aug-16,21.8,240843,50.2
16-Aug-16,21.8,241836,50.4
17-Aug-16,21.8,242167,50.4
18-Aug-16,21.8,242831,50.6
19-Aug-16,21.8,243364,50.7
20-Aug-16,21.8,243364,50.7
21-Aug-16,21.8,243364,50.7
22-Aug-16,21.9,245167,51.1
23-Aug-16,22,247187,51.5
24-Aug-16,22,249226,51.9
25-Aug-16,22,249908,52
26-Aug-16,22.1,250250,52.1
27-Aug-16,22.1,250250,52.1
28-Aug-16,22.1,250250,52.1
29-Aug-16,22.1,250250,52.1
30-Aug-16,22.1,250250,52.1
31-Aug-16,22.1,250250,52.1
1-Sep-16,22,249908,52
2-Sep-16,22,249908,52
3-Sep-16,22.1,250250,52.1
4-Sep-16,22.1,250592,52.2
5-Sep-16,22.1,250250,52.1
6-Sep-16,22.1,252653,52.6
7-Sep-16,22.2,253688,52.8
8-Sep-16,22.2,253688,52.8
9-Sep-16,22.2,254034,52.9
10-Sep-16,22.2,254034,52.9
11-Sep-16,22.2,254034,52.9
12-Sep-16,22.2,254380,53
13-Sep-16,22.2,254380,53
14-Sep-16,22.2,254034,52.9
15-Sep-16,22.2,253688,52.8
16-Sep-16,22.2,253688,52.8
17-Sep-16,22.2,255421,53.2
18-Sep-16,22.2,255421,53.2
19-Sep-16,22.2,256116,53.3
20-Sep-16,22.2,256116,53.3
21-Sep-16,22.2,255768,53.3
22-Sep-16,22.2,255768,53.3
23-Sep-16,22.2,255768,53.3
24-Sep-16,22.2,255421,53.2
25-Sep-16,22.2,255421,53.2
26-Sep-16,22.2,255768,53.3
27-Sep-16,22.2,255768,53.3
28-Sep-16,22.2,255768,53.3
29-Sep-16,22.2,255768,53.3
30-Sep-16,22.2,255768,53.3
1-Oct-16,22.2,256116,53.3
2-Oct-16,22.2,256116,53.3
3-Oct-16,22.2,255421,53.2
4-Oct-16,22.2,254727,53
5-Oct-16,22.2,254380,53
6-Oct-16,22.2,254727,53
7-Oct-16,22.2,253688,52.8
8-Oct-16,22.2,253688,52.8
9-Oct-16,22.2,253688,52.8
10-Oct-16,22.2,253688,52.8
11-Oct-16,22.1,251965,52.5
12-Oct-16,22.1,253343,52.8
13-Oct-16,22.1,253343,52.8
14-Oct-16,22.1,252998,52.7
15-Oct-16,22.1,252309,52.5
16-Oct-16,22.1,251965,52.5
17-Oct-16,22.1,251621,52.4
18-Oct-16,22.1,251278,52.3
19-Oct-16,22.1,250592,52.2
20-Oct-16,22.1,250250,52.1
21-Oct-16,22,249908,52
22-Oct-16,22,249908,52
23-Oct-16,22,249226,51.9
24-Oct-16,22,249226,51.9
25-Oct-16,22,248885,51.8
26-Oct-16,22,248205,51.7
27-Oct-16,22,248205,51.7
28-Oct-16,22,246848,51.4
29-Oct-16,21.9,246510,51.3
30-Oct-16,21.9,246510,51.3
31-Oct-16,21.9,246174,51.3
1-Nov-16,21.9,246174,51.3
2-Nov-16,21.9,245502,51.1
3-Nov-16,21.9,245502,51.1
4-Nov-16,21.9,245167,51.1
5-Nov-16,21.9,243830,50.8
6-Nov-16,21.8,242499,50.5
7-Nov-16,21.8,241504,50.3
8-Nov-16,21.8,240843,50.2
9-Nov-16,21.8,240383,50.1
10-Nov-16,21.7,239525,49.9
11-Nov-16,21.6,236580,49.3
12-Nov-16,21.6,235929,49.1
13-Nov-16,21.6,235280,49
14-Nov-16,21.6,234633,48.9
15-Nov-16,21.6,233986,48.7
16-Nov-16,21.5,232056,48.3
17-Nov-16,21.5,230776,48.1
18-Nov-16,21.4,230138,47.9
19-Nov-16,21.4,230138,47.9
20-Nov-16,21.4,230138,47.9
21-Nov-16,21.4,227916,47.5
22-Nov-16,21.4,229183,47.7
23-Nov-16,21.4,228232,47.5
24-Nov-16,21.4,227599,47.4
25-Nov-16,21.3,226968,47.3
26-Nov-16,21.3,226968,47.3
27-Nov-16,21.3,226968,47.3
28-Nov-16,21.3,224457,46.7
29-Nov-16,21.2,223833,46.6
30-Nov-16,21.2,222899,46.4
1-Dec-16,21.2,222278,46.3
2-Dec-16,21.2,221040,46
3-Dec-16,21.2,221040,46
4-Dec-16,21.2,221040,46
5-Dec-16,21.1,217967,45.4
6-Dec-16,21,217357,45.3
7-Dec-16,21,216443,45.1
8-Dec-16,21,215533,44.9
9-Dec-16,20.9,213118,44.4
10-Dec-16,20.9,213118,44.4
11-Dec-16,20.9,213118,44.4
12-Dec-16,20.9,212217,44.2
13-Dec-16,20.8,211319,44
14-Dec-16,20.8,210424,43.8
15-Dec-16,20.8,209532,43.6
16-Dec-16,20.8,209532,43.6
17-Dec-16,20.8,209532,43.6
18-Dec-16,20.8,209532,43.6
19-Dec-16,20.7,205991,42.9
20-Dec-16,20.6,205113,42.7
21-Dec-16,20.5,202495,42.2
22-Dec-16,20.5,201628,42
23-Dec-16,20.5,200764,41.8
24-Dec-16,20.5,200764,41.8
25-Dec-16,20.5,200764,41.8
26-Dec-16,20.5,200764,41.8
27-Dec-16,20.5,200764,41.8
28-Dec-16,20.3,196482,40.9
29-Dec-16,20.3,195352,40.7
30-Dec-16,20.3,194507,40.5
31-Dec-16,20.3,194507,40.5
1-Jan-17,20.3,194507,40.5
2-Jan-17,20.1,190878,39.8
3-Jan-17,20.1,190878,39.8
4-Jan-17,20.1,190047,39.6
5-Jan-17,20.1,189219,39.4
6-Jan-17,20,188394,39.2
7-Jan-17,20,188394,39.2
8-Jan-17,20,188394,39.2
9-Jan-17,19.9,185117,38.6
10-Jan-17,19.9,183762,38.3
11-Jan-17,19.8,182952,38.1
12-Jan-17,19.8,182145,37.9
13-Jan-17,19.7,180539,37.6
14-Jan-17,19.7,180539,37.6
15-Jan-17,19.7,180539,37.6
16-Jan-17,19.6,176830,36.8
17-Jan-17,19.6,176043,36.7
18-Jan-17,19.5,175258,36.5
19-Jan-17,19.5,173695,36.2
20-Jan-17,19.4,172659,36
21-Jan-17,19.4,172659,36
22-Jan-17,19.4,172659,36
23-Jan-17,19.3,169068,35.2
24-Jan-17,19.3,168305,35
25-Jan-17,19.2,167292,34.8
26-Jan-17,19.2,165781,34.5
27-Jan-17,19.2,165781,34.5
28-Jan-17,19.2,165781,34.5
29-Jan-17,19.2,165781,34.5
30-Jan-17,19.1,164031,34.2
31-Jan-17,19.1,163037,34
1-Feb-17,19,161801,33.7
2-Feb-17,19,160571,33.4
3-Feb-17,18.9,159592,33.2
4-Feb-17,18.9,159592,33.2
5-Feb-17,18.9,159592,33.2
6-Feb-17,18.8,155482,32.4
7-Feb-17,18.7,153812,32
8-Feb-17,18.7,153812,32
9-Feb-17,18.7,153100,31.9
10-Feb-17,18.5,149113,31.1
11-Feb-17,18.5,149113,31.1
12-Feb-17,18.5,149113,31.1
13-Feb-17,18.6,150745,31.4
14-Feb-17,18.5,150044,31.2
15-Feb-17,18.4,146116,30.4
16-Feb-17,18.3,145431,30.3
17-Feb-17,18.3,144748,30.1
18-Feb-17,18.3,144748,30.1
19-Feb-17,18.3,144748,30.1
20-Feb-17,18.2,141594,29.5
21-Feb-17,18.1,140257,29.2
22-Feb-17,18,138931,28.9
23-Feb-17,18,138051,28.7
24-Feb-17,18,137176,28.6
25-Feb-17,18,137176,28.6
26-Feb-17,18,137176,28.6
27-Feb-17,17.9,135221,28.2
28-Feb-17,17.8,134359,28
1-Mar-17,17.7,132434,27.6
2-Mar-17,17.7,131374,27.4
3-Mar-17,17.6,130530,27.2
4-Mar-17,17.6,130530,27.2
5-Mar-17,17.6,130530,27.2
6-Mar-17,17.5,127611,26.6
7-Mar-17,17.5,126580,26.4
8-Mar-17,17.4,125353,26.1
9-Mar-17,17.3,123932,25.8
10-Mar-17,17.3,123126,25.6
11-Mar-17,17.3,123126,25.6
12-Mar-17,17.3,123126,25.6
13-Mar-17,17.1,120337,25.1
14-Mar-17,17.1,119550,24.9
15-Mar-17,17.1,118766,24.7
16-Mar-17,17,117987,24.6
17-Mar-17,17,116826,24.3
18-Mar-17,17,116826,24.3
19-Mar-17,17,116826,24.3
20-Mar-17,16.8,113964,23.7
21-Mar-17,16.8,113964,23.7
22-Mar-17,16.7,112461,23.4
23-Mar-17,16.7,111530,23.2
24-Mar-17,16.6,110606,23
25-Mar-17,16.6,110606,23
26-Mar-17,16.6,110606,23
27-Mar-17,16.5,107332,22.4
28-Mar-17,16.4,106616,22.2
29-Mar-17,16.4,105726,22
30-Mar-17,16.3,105196,21.9
31-Mar-17,16.3,104667,21.8
1-Apr-17,16.3,104667,21.8
2-Apr-17,16.3,104667,21.8
3-Apr-17,16.1,101547,21.1
4-Apr-17,16.1,101035,21
5-Apr-17,16.1,100356,20.9
6-Apr-17,16,98843,20.6
7-Apr-17,15.9,98345,20.5
8-Apr-17,15.9,98345,20.5
9-Apr-17,15.9,98345,20.5
10-Apr-17,15.8,96215,20
11-Apr-17,15.7,94766,19.7
12-Apr-17,15.7,93970,19.6
13-Apr-17,15.6,93180,19.4
14-Apr-17,15.6,93180,19.4
15-Apr-17,15.6,93180,19.4
16-Apr-17,15.6,93180,19.4
17-Apr-17,15.4,89928,18.7
18-Apr-17,15.4,89169,18.6
19-Apr-17,15.3,88566,18.4
20-Apr-17,15.3,87818,18.3
21-Apr-17,15.2,87224,18.2
22-Apr-17,15.2,87224,18.2
23-Apr-17,15.2,87224,18.2
24-Apr-17,15,84163,17.5
25-Apr-17,15,84163,17.5
26-Apr-17,15,83592,17.4
27-Apr-17,15,83592,17.4
28-Apr-17,14.9,82040,17.1
29-Apr-17,14.9,82040,17.1
30-Apr-17,14.9,82040,17.1
1/5/17,14.9,82040,17.1
2/5/17,14.1,71618,14.9
3/5/17,14.7,79286,16.5
4/5/17,14.6,78745,16.4
5/5/17,14.6,78208,16.3
6/5/17,14.6,78208,16.3
7/5/17,14.6,78208,16.3
8/8/17,14.4,75566,15.7
9/5/17,14.3,75047,15.6
10/5/17,14.3,74531,15.5
11/5/17,14.3,74018,15.4
12/5/17,14.2,73507,15.3
13/05/2017,14.2,73507,15.3
14/05/2017,14.2,73507,15.3
15/05/2017,14.1,71993,15
16/05/2017,14.1,71494,14.9
17/05/2017,14,70997,14.8
18/05/2017,14,70503,14.7
19/05/2018,14,70135,14.6
20/05/2019,14,70135,14.6
21/05/2020,14,70135,14.6
22/05/2021,13.8,68675,14.3
23/05/2017,13.8,68313,14.2
24/05/2017,13.8,67953,14.2
25/05/2017,13.7,67475,14.1
26/05/2017,13.7,67118,14
27/05/2017,13.7,66763,13.9
28/05/2017,13.6,66408,13.8
29/05/2017,13.6,65587,13.7
30/05/2017,13.6,65353,13.6
31/05/2017,13.5,65120,13.6
1-Jun-17,13.5,64888,13.5
2-Jun-17,13.5,64772,13.5
3-Jun-17,13.5,64540,13.4
4-Jun-17,13.5,64309,13.4
5-Jun-17,13.5,64656,13.5
6-Jun-17,13.5,64425,13.4
7-Jun-17,13.5,64425,13.4
8-Jun-17,13.8,67714,14.1
9-Jun-17,14,70257,14.6
10-Jun-17,14,70627,14.7
11-Jun-17,14.1,71494,14.9
12-Jun-17,14.2,73635,15.3
13-Jun-17,14.3,74018,15.4
14-Jun-17,14.3,74274,15.5
15-Jun-17,14.7,79830,16.6
16-Jun-17,14.8,81205,16.9
17-Jun-17,14.9,82601,17.2
18-Jun-17,15,83307,17.3
19-Jun-17,15,83307,17.3
20-Jun-17,15,83592,17.4
21-Jun-17,15,84307,17.6
22-Jun-17,15,84307,17.6
23-Jun-17,15.2,86928,18.1
24-Jun-17,15.3,88117,18.4
25-Jun-17,15.4,89472,18.6
26-Jun-17,15.5,90692,18.9
27-Jun-17,15.5,91000,19
28-Jun-17,15.5,91463,19
29-Jun-17,15.5,91928,19.1
30-Jun-17,15.5,91928,19.1
1-Jul-17,15.6,93022,19.4
2-Jul-17,15.6,93337,19.4
3-Jul-17,15.6,93653,19.5
4-Jul-17,15.6,93653,19.5
5-Jul-17,15.7,93970,19.6
6-Jul-17,15.7,93970,19.6
7-Jul-17,15.7,93970,19.6
8-Jul-17,15.7,93811,19.5
9-Jul-17,15.7,93811,19.5
10-Jul-17,15.8,95569,19.9
11-Jul-17,15.8,96215,20
12-Jul-17,15.8,96215,20
13-Jul-17,15.8,96377,20.1
14-Jul-17,15.8,96377,20.1
15-Jul-17,15.8,96540,20.1
16-Jul-17,15.8,96866,20.2
17-Jul-17,16,99178,20.7
18-Jul-17,16,99681,20.8
19-Jul-17,16.1,100865,21
20-Jul-17,16.1,101205,21.1
21-Jul-17,16.1,101547,21.1
22-Jul-17,16.1,101889,21.2
23-Jul-17,16.1,101889,21.2
24-Jul-17,16.2,102233,21.3
25-Jul-17,16.2,102233,21.3
26-Jul-17,16.2,102923,21.4
27-Jul-17,16.2,103618,21.6
28-Jul-17,16.3,104142,21.7
29-Jul-17,16.3,104142,21.7
30-Jul-17,16.3,103967,21.7
31-Jul-17,16.3,103967,21.7
1-Aug-17,16.3,103792,21.6
2-Aug-17,16.3,103792,21.6
3-Aug-17,16.3,104667,21.8
4-Aug-17,16.3,104667,21.8
5-Aug-17,16.6,109140,22.7
6-Aug-17,16.6,109323,22.8
7-Aug-17,16.6,109688,22.8
8-Aug-17,16.6,109688,22.8
9-Aug-17,16.6,109688,22.8
10-Aug-17,16.6,109505,22.8
11-Aug-17,16.6,110054,22.9
12-Aug-17,16.8,114532,23.9
13-Aug-17,16.9,116441,24.2
14-Aug-17,17,117019,24.4
15-Aug-17,17,117405,24.4
16-Aug-17,17,118376,24.7
17-Aug-17,17.1,119550,24.9
18-Aug-17,17.1,120337,25.1
19-Aug-17,17.2,120732,25.1
20-Aug-17,17.2,121129,25.2
21-Aug-17,17.2,121526,25.3
22-Aug-17,17.2,121924,25.4
23-Aug-17,17.3,122724,25.6
24-Aug-17,17.3,124337,25.9
25-Aug-17,17.4,126375,26.3
26-Aug-17,17.5,126580,26.4
27-Aug-17,17.5,126580,26.4
28-Aug-17,17.5,126786,26.4
29-Aug-17,17.5,126786,26.4
30-Aug-17,17.6,128856,26.8
31-Aug-17,17.5,128323,26.7
1-Sep-17,17.5,128440,26.7
2-Sep-17,17.6,128648,26.8
3-Sep-17,17.6,128648,26.8
4-Sep-17,17.6,128648,26.8
5-Sep-17,17.5,128440,26.7
6-Sep-17,17.6,128648,26.8
7-Sep-17,17.6,128856,26.8
8-Sep-17,17.6,129691,27
9-Sep-17,18,137176,28.6
10-Sep-17,18,137613,28.7
11-Sep-17,18,137613,28.7
12-Sep-17,18,138710,28.9
13-Sep-17,18,138710,28.9
14-Sep-17,18,138491,28.8
15-Sep-17,18,138491,28.8
16-Sep-17,18,138051,28.7
17-Sep-17,18,138051,28.7
18-Sep-17,18,138271,28.8
19-Sep-17,18,138271,28.8
20-Sep-17,18,137613,28.7
21-Sep-17,18,137176,28.6
22-Sep-17,18,137176,28.6
23-Sep-17,17.9,136740,28.5
24-Sep-17,17.9,136740,28.5
25-Sep-17,17.9,136305,28.4
26-Sep-17,17.9,136740,28.5
27-Sep-17,17.9,136740,28.5
28-Sep-17,17.9,136522,28.4
29-Sep-17,17.9,136305,28.4
30-Sep-17,17.9,136088,28.3
1-Oct-17,17.9,135871,28.3
2-Oct-17,17.9,135654,28.3
3-Oct-17,17.9,135437,28.2
4-Oct-17,17.9,135221,28.2
5-Oct-17,17.9,135871,28.3
6-Oct-17,17.9,136088,28.3
7-Oct-17,17.9,135871,28.3
8-Oct-17,17.9,135654,28.3
9-Oct-17,17.9,135654,28.3
10-Oct-17,17.9,135221,28.2
11-Oct-17,17.8,134790,28.1
12-Oct-17,17.8,134359,28
13-Oct-17,17.8,133501,27.8
14-Oct-17,17.8,133073,27.7
15-Oct-17,17.7,132647,27.6
16-Oct-17,17.7,132222,27.5
17-Oct-17,17.7,132222,27.5
18-Oct-17,17.8,132860,27.7
19-Oct-17,17.8,133287,27.8
20-Oct-17,17.8,133715,27.8
21-Oct-17,17.8,133929,27.9
22-Oct-17,17.8,133929,27.9
23-Oct-17,17.8,133715,27.8
24-Oct-17,17.8,133501,27.8
25-Oct-17,17.8,133501,27.8
26-Oct-17,17.7,132647,27.6
27-Oct-17,17.7,132222,27.5
28-Oct-17,17.7,131797,27.4
29-Oct-17,17.7,131585,27.4
30-Oct-17,17.7,131163,27.3
31-Oct-17,17.7,130741,27.2
1-Nov-17,17.6,130530,27.2
2-Nov-17,17.6,129691,27
3-Nov-17,17.6,129482,27
4-Nov-17,17.6,128648,26.8
5-Nov-17,17.5,127818,26.6
6-Nov-17,17.5,126580,26.4
7-Nov-17,17.4,126170,26.3
8-Nov-17,17.4,125353,26.1
9-Nov-17,17.4,124539,25.9
10-Nov-17,17.3,123730,25.8
11-Nov-17,17.3,122925,25.6
12-Nov-17,17.2,122124,25.4
13-Nov-17,17.2,120930,25.2
14-Nov-17,17.1,120337,25.1
15-Nov-17,17.1,119943,25
16-Nov-17,17.1,119157,24.8
17-Nov-17,17.1,118571,24.7
18-Nov-17,17,117599,24.5
19-Nov-17,17,117019,24.4
20-Nov-17,17,116634,24.3
21-Nov-17,16.9,116441,24.2
22-Nov-17,16.9,116441,24.2
23-Nov-17,17,116634,24.3
24-Nov-17,16.9,116249,24.2
25-Nov-17,16.9,115866,24.1
26-Nov-17,16.9,114912,23.9
27-Nov-17,16.8,114153,23.8
28-Nov-17,16.8,113210,23.6
29-Nov-17,16.7,112274,23.4
30-Nov-17,16.7,111345,23.2
1-Dec-17,16.6,110606,23
2-Dec-17,16.6,110054,22.9
3-Dec-17,16.6,109505,22.8
4-Dec-17,16.5,108233,22.5
5-Dec-17,16.5,107332,22.4
6-Dec-17,16.4,106437,22.2
7-Dec-17,16.4,105549,22
8-Dec-17,16.3,104667,21.8
9-Dec-17,16.3,103792,21.6
10-Dec-17,16.2,103097,21.5
11-Dec-17,16.1,101889,21.2
12-Dec-17,16.1,101035,21
13-Dec-17,16,100187,20.9
14-Dec-17,16,99513,20.7
15-Dec-17,16,98843,20.6
16-Dec-17,15.9,98179,20.4
17-Dec-17,15.9,97520,20.3
18-Dec-17,15.8,96866,20.2
19-Dec-17,15.8,96215,20
20-Dec-17,15.8,95569,19.9
21-Dec-17,15.7,94926,19.8
22-Dec-17,15.7,94288,19.6
23-Dec-17,15.6,93653,19.5
24-Dec-17,15.6,93022,19.4
25-Dec-17,15.6,92396,19.2
26-Dec-17,15.5,91773,19.1
27-Dec-17,15.5,91154,19
28-Dec-17,15.4,90539,18.9
29-Dec-17,15.4,89928,18.7
30-Dec-17,15.4,89320,18.6
31-Dec-17,15.3,88717,18.5
1-Jan-18,15.3,88266,18.4
2-Jan-18,15.3,87669,18.3
3-Jan-18,15,83734,17.4
4-Jan-18,14.9,83165,17.3
5-Jan-18,14.9,82460,17.2
6-Jan-18,14.9,81900,17.1
7-Jan-18,14.8,81205,16.9
8-Jan-18,14.8,80515,16.8
9-Jan-18,14.7,79967,16.7
10-Jan-18,14.7,79422,16.5
11-Jan-18,14.6,78880,16.4
12-Jan-18,14.6,78342,16.3
13-Jan-18,14.5,77540,16.1
14-Jan-18,14.5,76877,16
15-Jan-18,14.4,76219,15.9
16-Jan-18,14.4,75436,15.7
17-Jan-18,14.3,74660,15.5
18-Jan-18,14.3,73890,15.4
19-Jan-18,13.9,69524,14.5
20-Jan-18,13.9,68916,14.4
21-Jan-18,13.8,68313,14.2
22-Jan-18,13.8,67953,14.2
23-Jan-18,13.7,67475,14.1
24-Jan-18,13.7,66644,13.9
25-Jan-18,13.6,66055,13.8
26-Jan-18,13.5,65237,13.6
27-Jan-18,13.5,64772,13.5
28-Jan-18,13.5,64194,13.4
29-Jan-18,13.4,63964,13.3
30-Jan-18,13.4,63048,13.1
31-Jan-18,13.3,62480,13
1-Feb-18,13.3,62253,13
2-Feb-18,13.2,61802,12.9
3-Feb-18,13.2,61017,12.7
4-Feb-18,13.1,60682,12.6
5-Feb-18,13.1,60126,12.5
6-Feb-18,13,59573,12.4
7-Feb-18,13,59133,12.3
8-Feb-18,13,58913,12.3
9-Feb-18,13,58694,12.2
10-Feb-18,12.9,58475,12.2
11-Feb-18,12.9,58145,12.1
12-Feb-18,12.9,57488,12
13-Feb-18,12.8,56618,11.8
14-Feb-18,12.8,56401,11.7
15-Feb-18,12.7,55970,11.7
16-Feb-18,12.7,55862,11.6
17-Feb-18,12.7,55647,11.6
18-Feb-18,12.6,54790,11.4
19-Feb-18,12.6,54258,11.3
20-Feb-18,12.5,54046,11.3
21-Feb-18,12.5,53412,11.1
22-Feb-18,12.4,53096,11.1
23-Feb-18,12.4,52572,10.9
24-Feb-18,12.4,52886,11
25-Feb-18,12.4,52991,11
26-Feb-18,12.5,53201,11.1
27-Feb-18,12.4,53096,11.1
28-Feb-18,12.4,52991,11
1-Mar-18,12.4,52781,11
2-Mar-18,12.4,52781,11
3-Mar-18,12.4,52781,11
4-Mar-18,12.4,52676,11
5-Mar-18,12.4,52676,11
6-Mar-18,12.4,52467,10.9
7-Mar-18,12.4,52258,10.9
8-Mar-18,12.4,52154,10.9
9-Mar-18,12.4,52676,11
10-Mar-18,12.4,52467,10.9
11-Mar-18,12.4,52258,10.9
12-Mar-18,12.4,52154,10.9
13-Mar-18,12.3,52050,10.8
14-Mar-18,12.3,51946,10.8
15-Mar-18,12.3,51842,10.8
16-Mar-18,12.3,51738,10.8
17-Mar-18,12.3,51634,10.8
18-Mar-18,12.3,51530,10.7
19-Mar-18,12.3,51427,10.7
20-Mar-18,12.3,51427,10.7
21-Mar-18,12.3,51323,10.7
22-Mar-18,12.3,51220,10.7
23-Mar-18,12.3,51117,10.6
24-Mar-18,12.2,51013,10.6
25-Mar-18,12.2,51013,10.6
26-Mar-18,12.3,51117,10.6
27-Mar-18,12.2,51013,10.6
28-Mar-18,12.2,51013,10.6
29-Mar-18,12.2,50910,10.6
30-Mar-18,12.2,50910,10.6
31-Mar-18,12.2,50807,10.6
1-Apr-18,12.2,50807,10.6
2-Apr-18,12.2,50704,10.6
3-Apr-18,12.2,50704,10.6
4-Apr-18,12.2,50602,10.5
5-Apr-18,12.2,50602,10.5
6-Apr-18,12.2,50499,10.5
7-Apr-18,12.2,50499,10.5
8-Apr-18,12.2,50396,10.5
9-Apr-18,12.2,50396,10.5
10-Apr-18,12.2,50294,10.5
11-Apr-18,12.2,50294,10.5
12-Apr-18,12.2,50191,10.5
13-Apr-18,12.2,50191,10.5
14-Apr-18,12.2,50089,10.4
15-Apr-18,12.2,50089,10.4
16-Apr-18,12.1,49987,10.4
17-Apr-18,12.1,49987,10.4
18-Apr-18,12.1,49885,10.4
19-Apr-18,12.1,49885,10.4
20-Apr-18,12.1,49783,10.4
21-Apr-18,12.1,49783,10.4
22-Apr-18,12.1,49681,10.3
23-Apr-18,12.1,49681,10.3
24-Apr-18,12.1,49579,10.3
25-Apr-18,12.1,49579,10.3
26-Apr-18,12.1,49477,10.3
27-Apr-18,12.1,49579,10.3
28-Apr-18,12.5,53201,11.1
29-Apr-18,12.5,53728,11.2
30-Apr-18,12.5,54152,11.3
1-May-18,12.5,54152,11.3
2-May-18,12.5,54152,11.3
3-May-18,12.5,54152,11.3
4-May-18,12.6,54258,11.3
5-May-18,12.6,54258,11.3
6-May-18,12.6,54258,11.3
7-May-18,12.6,54258,11.3
8-May-18,12.6,54258,11.3
9-May-18,12.6,54683,11.4
10-May-18,12.7,55862,11.6
11-May-18,12.8,57379,11.9
12-May-18,12.9,57488,12
13-May-18,12.9,57488,12
14-May-18,12.9,57816,12
15-May-18,12.9,58036,12.1
16-May-18,12.9,58036,12.1
17-May-18,12.9,58036,12.1
18-May-18,12.9,57926,12.1
19-May-18,12.9,57926,12.1
20-May-18,12.9,57926,12.1
21-May-18,13.2,60793,12.7
22-May-18,13.2,60793,12.7
23-May-18,13.4,63734,13.3
24-May-18,13.5,65237,13.6
25-May-18,13.7,67594,14.1
26-May-18,13.7,67594,14.1
27-May-18,13.7,67594,14.1
28-May-18,14.1,71369,14.9
29-May-18,14.2,73762,15.4
30-May-18,14.4,75697,15.8
31-May-18,14.4,76219,15.9
1-Jun-18,14.6,78880,16.4
2-Jun-18,15,84451,17.6
3-Jun-18,15.5,92084,19.2
4-Jun-18,15.8,95891,20
5-Jun-18,15.9,97849,20.4
6-Jun-18,16,99010,20.6
7-Jun-18,16,99010,20.6
8-Jun-18,16,100187,20.9
9-Jun-18,16,100187,20.9
10-Jun-18,16.1,101205,21.1
11-Jun-18,16.2,102061,21.3
12-Jun-18,16.2,102923,21.4
13-Jun-18,16.2,103444,21.5
14-Jun-18,16.2,103444,21.5
15-Jun-18,16.7,111902,23.3
16-Jun-18,17.3,122524,25.5
17-Jun-18,17.3,123528,25.7
18-Jun-18,17.6,130530,27.2
19-Jun-18,17.9,135005,28.1
20-Jun-18,18.1,139372,29
21-Jun-18,18.1,141370,29.4
22-Jun-18,18.2,142714,29.7
23-Jun-18,18.3,143842,30
24-Jun-18,18.3,144976,30.2
25-Jun-18,18.4,146116,30.4
26-Jun-18,18.4,147264,30.7
27-Jun-18,18.5,148418,30.9
28-Jun-18,18.5,149345,31.1
29-Jun-18,18.6,150745,31.4
30-Jun-18,18.6,151919,31.6
1-Jul-18,18.7,153100,31.9
2-Jul-18,19.2,166536,34.7
3-Jul-18,19.6,176830,36.8
4-Jul-18,19.8,180806,37.7
5-Jul-18,19.9,183492,38.2
6-Jul-18,19.9,184845,38.5
7-Jul-18,20,186205,38.8
8-Jul-18,20,186751,38.9
9-Jul-18,20,187297,39
10-Jul-18,20,188119,39.2
11-Jul-18,20,188669,39.3
12-Jul-18,20.1,189219,39.4
13-Jul-18,20.1,189771,39.5
14-Jul-18,20.2,192826,40.2
15-Jul-18,20.2,194227,40.4
16-Jul-18,20.3,195634,40.7
17-Jul-18,20.3,196199,40.9
18-Jul-18,20.4,197333,41.1
19-Jul-18,20.4,197902,41.2
20-Jul-18,20.4,198472,41.3
21-Jul-18,20.4,199043,41.5
22-Jul-18,20.4,199615,41.6
23-Jul-18,20.5,200189,41.7
24-Jul-18,20.5,200764,41.8
25-Jul-18,20.5,200189,41.7
26-Jul-18,20.5,200189,41.7
27-Jul-18,20.5,200189,41.7
28-Jul-18,20.5,201628,42
29-Jul-18,20.5,201628,42
30-Jul-18,20.5,201628,42
31-Jul-18,20.5,201628,42
1-Aug-18,20.5,201628,42
2-Aug-18,20.5,202785,42.2
3-Aug-18,20.6,203075,42.3
4-Aug-18,20.6,203075,42.3
5-Aug-18,20.6,203075,42.3
6-Aug-18,20.6,203656,42.4
7-Aug-18,20.6,205113,42.7
8-Aug-18,20.7,206578,43
9-Aug-18,20.7,207461,43.2
10-Aug-18,20.7,207461,43.2
11-Aug-18,20.7,207461,43.2
12-Aug-18,20.7,208347,43.4
13-Aug-18,20.8,208939,43.5
14-Aug-18,20.8,208939,43.5
15-Aug-18,20.8,208939,43.5
16-Aug-18,20.8,208939,43.5
17-Aug-18,20.8,210424,43.8
18-Aug-18,20.8,210424,43.8
19-Aug-18,20.8,210424,43.8
20-Aug-18,20.9,212817,44.3
21-Aug-18,20.9,213419,44.4
22-Aug-18,20.9,214323,44.6
23-Aug-18,21,214927,44.8
24-Aug-18,21,214927,44.8
25-Aug-18,21,214927,44.8
26-Aug-18,21.1,218886,45.6
27-Aug-18,21.1,218886,45.6
28-Aug-18,21.3,226968,47.3
29-Aug-18,21.4,229501,47.8
30-Aug-18,21.5,232056,48.3
31-Aug-18,21.5,233341,48.6
1-Sep-18,21.5,233341,48.6
2-Sep-18,21.5,233341,48.6
3-Sep-18,21.6,235280,49
4-Sep-18,21.6,235280,49
5-Sep-18,21.7,236906,49.3
6-Sep-18,21.8,240383,50.1
7-Sep-18,21.8,241504,50.3
8-Sep-18,21.9,243830,50.8
9-Sep-18,21.9,245167,51.1
10-Sep-18,22,246848,51.4
11-Sep-18,22,247526,51.5
12-Sep-18,22,248545,51.8
13-Sep-18,22,249226,51.9
14-Sep-18,22,249908,52
15-Sep-18,22.1,250592,52.2
16-Sep-18,22.1,251278,52.3
17-Sep-18,22.1,251965,52.5
18-Sep-18,22.2,254727,53
19-Sep-18,22.3,258913,53.9
20-Sep-18,22.4,263506,54.9
21-Sep-18,22.5,266003,55.4
22-Sep-18,22.5,267438,55.7
23-Sep-18,22.6,267797,55.8
24-Sep-18,22.6,268878,56
25-Sep-18,22.6,269600,56.1
26-Sep-18,22.6,270323,56.3
27-Sep-18,22.6,271048,56.4
28-Sep-18,22.7,274693,57.2
29-Sep-18,22.8,276896,57.7
30-Sep-18,22.8,277633,57.8
1-Oct-18,22.9,278741,58
2-Oct-18,22.9,279852,58.3
3-Oct-18,22.9,280223,58.4
4-Oct-18,22.9,280595,58.4
5-Oct-18,22.9,280595,58.4
6-Oct-18,22.9,282083,58.7
7-Oct-18,22.9,282083,58.7
8-Oct-18,23,282456,58.8
9-Oct-18,23,282456,58.8
10-Oct-18,23,282456,58.8
11-Oct-18,23,282456,58.8
12-Oct-18,22.9,282083,58.7
13-Oct-18,22.9,282083,58.7
14-Oct-18,22.9,282083,58.7
15-Oct-18,22.9,282083,58.7
16-Oct-18,23,282456,58.8
17-Oct-18,23,282456,58.8
18-Oct-18,23,282456,58.8
19-Oct-18,23,282456,58.8
20-Oct-18,23,282456,58.8
21-Oct-18,23,282456,58.8
22-Oct-18,22.9,281338,58.6
23-Oct-18,22.9,280966,58.5
24-Oct-18,22.9,280595,58.4
25-Oct-18,22.9,280223,58.4
26-Oct-18,22.9,279852,58.3
27-Oct-18,22.9,278741,58
28-Oct-18,22.9,278741,58
29-Oct-18,22.8,278372,58
30-Oct-18,22.8,278002,57.9
31-Oct-18,22.8,278002,57.9
1-Nov-18,22.8,278002,57.9
2-Nov-18,22.8,276896,57.7
3-Nov-18,22.8,276161,57.5
4-Nov-18,22.8,276528,57.6
5-Nov-18,22.8,275426,57.4
6-Nov-18,22.8,275060,57.3
7-Nov-18,22.7,274693,57.2
8-Nov-18,22.7,274693,57.2
9-Nov-18,22.7,274693,57.2
10-Nov-18,22.7,274327,57.1
11-Nov-18,22.7,274327,57.1
12-Nov-18,22.7,273962,57.1
13-Nov-18,22.7,273962,57.1
14-Nov-18,22.7,273596,57
15-Nov-18,22.7,273231,56.9
16-Nov-18,22.7,272502,56.7
17-Nov-18,22.7,271775,56.6
18-Nov-18,22.7,271411,56.5
19-Nov-18,22.6,271048,56.4
20-Nov-18,22.6,270686,56.4
21-Nov-18,22.6,270323,56.3
22-Nov-18,22.6,269962,56.2
23-Nov-18,22.6,269239,56.1
24-Nov-18,22.6,268878,56
25-Nov-18,22.6,268157,55.8
26-Nov-18,22.5,267078,55.6
27-Nov-18,22.5,266361,55.5
28-Nov-18,22.5,266003,55.4
29-Nov-18,22.5,265288,55.2
30-Nov-18,22.5,264574,55.1
1-Dec-18,22.4,263861,54.9
2-Dec-18,22.4,263506,54.9
3-Dec-18,22.4,263150,54.8
4-Dec-18,22.4,262795,54.7
5-Dec-18,22.4,262086,54.6
6-Dec-18,22.4,260672,54.3
7-Dec-18,22.3,259968,54.1
8-Dec-18,22.3,259264,54
9-Dec-18,22.3,258562,53.8
10-Dec-18,22.3,257862,53.7
11-Dec-18,22.3,257162,53.6
12-Dec-18,22.2,256465,53.4
13-Dec-18,22.2,255768,53.3
14-Dec-18,22.2,255421,53.2
15-Dec-18,22.2,254727,53
16-Dec-18,22.2,254034,52.9
17-Dec-18,22.2,253688,52.8
18-Dec-18,22.1,253343,52.8
19-Dec-18,22.1,252653,52.6
20-Dec-18,22.1,251965,52.5
21-Dec-18,22.1,251278,52.3
22-Dec-18,22.1,250592,52.2
23-Dec-18,22,249567,52
24-Dec-18,22,248885,51.8
25-Dec-18,22,248205,51.7
26-Dec-18,22,247526,51.5
27-Dec-18,22,246848,51.4
28-Dec-18,21.9,246174,51.3
29-Dec-18,21.9,245502,51.1
30-Dec-18,21.9,244832,51
31-Dec-18,21.9,244164,50.8
1-Jan-19,21.9,243497,50.7
2-Jan-19,21.8,242831,50.6
3-Jan-19,21.8,241836,50.4
4-Jan-19,21.8,241174,50.2
5-Jan-19,21.8,240383,50.1
6-Jan-19,21.7,239525,49.9
7-Jan-19,21.7,238868,49.7
8-Jan-19,21.7,237885,49.5
9-Jan-19,21.7,237232,49.4
10-Jan-19,21.6,236580,49.3
11-Jan-19,21.6,235929,49.1
12-Jan-19,21.6,235280,49
13-Jan-19,21.6,234633,48.9
14-Jan-19,21.6,233986,48.7
15-Jan-19,21.5,233341,48.6
16-Jan-19,21.5,232698,48.5
17-Jan-19,21.5,232056,48.3
18-Jan-19,21.5,231415,48.2
19-Jan-19,21.5,230776,48.1
20-Jan-19,21.4,230138,47.9
21-Jan-19,21.4,229501,47.8
22-Jan-19,21.4,228866,47.7
23-Jan-19,21.4,228232,47.5
24-Jan-19,21.4,229819,47.9
25-Jan-19,21.3,226339,47.1
26-Jan-19,21.3,225710,47
27-Jan-19,21.3,225083,46.9
28-Jan-19,21.3,224145,46.7
29-Jan-19,21.2,223521,46.5
30-Jan-19,21.2,222588,46.4
31-Jan-19,21.2,221968,46.2
1-Feb-19,21.2,221349,46.1
2-Feb-19,21.1,220731,46
3-Feb-19,21.1,220114,45.8
4-Feb-19,21.1,219192,45.6
5-Feb-19,21.1,218273,45.5
6-Feb-19,21,217662,45.3
7-Feb-19,21,217052,45.2
8-Feb-19,21,215836,44.9
9-Feb-19,21,214927,44.8
10-Feb-19,20.9,214323,44.6
11-Feb-19,20.9,213720,44.5
12-Feb-19,20.9,213118,44.4
13-Feb-19,20.9,212517,44.3
14-Feb-19,20.9,211917,44.1
15-Feb-19,20.8,211021,43.9
16-Feb-19,20.8,210424,43.8
17-Feb-19,20.8,209532,43.6
18-Feb-19,20.7,208643,43.5
19-Feb-19,20.7,208051,43.3
20-Feb-19,20.7,207461,43.2
21-Feb-19,20.7,206 578,43
22-Feb-19,20.7,205991,42.9
23-Feb-19,20.6,205406,42.8
24-Feb-19,20.6,204238,42.5
25-Feb-19,20.6,203075,42.3
26-Feb-19,20.5,202495,42.2
27-Feb-19,20.5,201917,42
28-Feb-19,20.5,201340,41.9
1-Mar-19,20.4,199902,41.6
2-Mar-19,20.4,199043,41.5
3-Mar-19,20.4,198472,41.3
4-Mar-19,20.4,198187,41.3
5-Mar-19,20.4,197618,41.2
6-Mar-19,20.3,197049,41
7-Mar-19,20.3,195917,40.8
8-Mar-19,20.3,195634,40.7
9-Mar-19,20.3,195070,40.6
10-Mar-19,20.3,194507,40.5
11-Mar-19,20.2,193946,40.4
12-Mar-19,20.4,197333,41.1
13-Mar-19,20.4,198757,41.4
14-Mar-19,20.4,199329,41.5
15-Mar-19,20.4,198757,41.4
16-Mar-19,20.4,198187,41.3
17-Mar-19,20.3,196766,41
18-Mar-19,20.3,195917,40.8
19-Mar-19,20.3,195634,40.7
20-Mar-19,20.3,194789,40.6
21-Mar-19,20.2,194227,40.4
22-Mar-19,20.2,193946,40.4
23-Mar-19,20.2,193106,40.2
24-Mar-19,20.2,192547,40.1
25-Mar-19,20.2,192826,40.2
26-Mar-19,20.1,191433,39.9
27-Mar-19,20.1,190878,39.8
28-Mar-19,20.1,190324,39.6
29-Mar-19,20.1,190 047,39.6
30-Mar-19,20.1,189 219,39.4
31-Mar-19,20.1,188 944,39.3
1-Apr-19,20,188669,39.3
2-Apr-19,20,187845,39.1
3-Apr-19,20,187024,38.9
4-Apr-19,20,186478,38.8
5-Apr-19,20,186205,38.8
6-Apr-19,19.9,185661,38.7
7-Apr-19,19.9,184845,38.5
8-Apr-19,19.9,184303,38.4
9-Apr-19,19.9,183492,38.2
10-Apr-19,19.8,183222,38.2
11-Apr-19,19.8,182952,38.1
12-Apr-19,19.8,182683,38
13-Apr-19,19.8,182414,38
14-Apr-19,19.8,182145,37.9
15-Apr-19,19.8,182145,37.9
16-Apr-19,19.8,181609,37.8
17-Apr-19,19.8,181 076,37.7
18-Apr-19,19.8,180 806,37.7
19-Apr-19,19.7,180 272,37.5
20-Apr-19,19.7,179 740,37.4
21-Apr-19,19.7,179 208,37.3
22-Apr-19,19.7,178 943,37.3
23-Apr-19,19.7,178 413,37.2
24-Apr-19,19.7,178 149,37.1
25-Apr-19,19.7,178 149,37.1
26-Apr-19,19.6,177 621,37
27-Apr-19,19.6,177 357,36.9
28-Apr-19,19.6,177 093,36.9
29-Apr-19,19.6,176 830,36.8
30-Apr-19,19.6,176 568,36.8
1-May-19,19.6,176 305,36.7
2-May-19,19.6,176 043,36.7
3-May-19,19.6,175 781,36.6
4-May-19,19.6,175 519,36.6
5-May-19,19.5,175 258,36.5
6-May-19,19.5,174 997,36.4
7-May-19,19.5,174 736,36.4
8-May-19,19.5,174 475,36.3
9-May-19,19.5,174 215,36.3
10-May-19,19.5,173 955,36.2
11-May-19,19.5,173 695,36.2
12-May-19,19.5,173 436,36.1
13-May-19,19.5,173 177,36.1
14-May-19,19.5,172 918,36
15-May-19,19.4,172 659,36
16-May-19,19.4,172 659,36
17-May-19,19.4,172 143,35.8
18-May-19,19.4,172 143,35.8
19-May-19,19.4,172 143,35.8
20-May-19,19.4,172 401,35.9
21-May-19,19.6,175 519,36.6
22-May-19,19.7,178 413,37.2
23-May-19,19.7,178 678,37.2
24-May-19,19.7,178 413,37.2
25-May-19,19.7,178 413,37.2
26-May-19,19.7,178 413,37.2
27-May-19,19.6,177 884,37
28-May-19,19.6,177 621,37
29-May-19,19.6,177 357,36.9
30-May-19,19.6,177 093,36.9
31-May-19,19.6,176 830,36.8
1-Jun-19,19.6,176 830,36.8
2-Jun-19,19.6,176 830,36.8
3-Jun-19,19.6,176 830,36.8
4-Jun-19,19.6,176568,36.8
5-Jun-19,19.6,176568,36.8
6-Jun-19,19.7,179474,37.4
7-Jun-19,19.8,180806,37.7
8-Jun-19,19.8,180 806,37.7
9-Jun-19,19.8,180 806,37.7
10-Jun-19,20.1,188 944,39.3
11-Jun-19,20.1,190 601,39.7
12-Jun-19,20.1,191 155,39.8
13-Jun-19,20.2,192 547,40.1
14-Jun-19,20.2,192 547,40.1
15-Jun-19,20.2,192 547,40.1
16-Jun-19,20.2,192 547,40.1
17-Jun-19,20.2,192 547,40.1
18-Jun-19,20.2,192 547,40.1
19-Jun-19,20.3,195 917,40.8
20-Jun-19,20.3,197 049,41
21-Jun-19,20.3,197 049,41
22-Jun-19,20.4,199 902,41.6
23-Jun-19,20.5,200 764,41.8
24-Jun-19,20.5,200 764,41.8
25-Jun-19,20.7,205 991,42.9
26-Jun-19,20.7,207 461,43.2
27-Jun-19,20.7,208 347,43.4
28-Jun-19,20.8,208 939,43.5
29-Jun-19,20.8,210 722,43.9
30-Jun-19,20.9,214 323,44.6
1-Jul-19,21,215 533,44.9
2-Jul-19,21,217 052,45.2
3-Jul-19,21.1,219 499,45.7
4-Jul-19,21.5,232 056,48.3
5-Jul-19,21.6,234 309,48.8
6-Jul-19,21.6,236 255,49.2
7-Jul-19,21.8,240 383,50.1
8-Jul-19,21.8,241 836,50.4
9-Jul-19,21.9,245 167,51.1
10-Jul-19,21.9,245 838,51.2
11-Jul-19,22,246 848,51.4
12-Jul-19,22,246 848,51.4
13-Jul-19,22,247 187,51.5
14-Jul-19,22,247 865,51.6
15-Jul-19,22,247 865,51.6
16-Jul-19,22,247 865,51.6
17-Jul-19,22,247 526,51.5
18-Jul-19,22,247 526,51.5
19-Jul-19,22.1,250 250,52.1
20-Jul-19,22.2,256 465,53.4
21-Jul-19,22.3,257 162,53.6
22-Jul-19,22.3,257 162,53.6
23-Jul-19,22.4,260 672,54.3
24-Jul-19,23.1,288 089,60
25-Jul-19,23.1,289 224,60.2
26-Jul-19,23.3,295 327,61.5
27-Jul-19,23.3,297 251,61.9
28-Jul-19,23.4,297 637,62
29-Jul-19,23.4,298 409,62.1
30-Jul-19,23.4,299 183,62.3
31-Jul-19,23.8,313 318,65.2
1-Aug-19,23.9,317 314,66.1
2-Aug-19,23.9,318 116,66.2
3-Aug-19,24,321 338,66.9
4-Aug-19,24,321 742,67
5-Aug-19,24,321 742,67
6-Aug-19,24,324 169,67.5
7-Aug-19,24,324 169,67.5
8-Aug-19,24.2,332 746,69.3
9-Aug-19,24.3,334 394,69.6
10-Aug-19,24.3,336 875,70.2
11-Aug-19,24.4,337 705,70.3
12-Aug-19,24.4,339 783,70.8
13-Aug-19,24.4,340 617,70.9
14-Aug-19,24.5,341 869,71.2
15-Aug-19,24.5,341 869,71.2
16-Aug-19,24.5,343 963,71.6
17-Aug-19,24.5,344 382,71.7
18-Aug-19,24.5,344 802,71.8
19-Aug-19,24.5,345 643,72
20-Aug-19,24.5,345 643,72
21-Aug-19,24.5,345 643,72
22-Aug-19,24.6,346 063,72
23-Aug-19,24.6,346 063,72
24-Aug-19,24.6,346 063,72
25-Aug-19,24.6,346 063,72
26-Aug-19,24.6,346 063,72
27-Aug-19,24.6,346 063,72
28-Aug-19,24.6,346 484,72.2
29-Aug-19,24.6,346 484,72.2
30-Aug-19,24.6,346 484,72.2
31-Aug-19,24.6,346 484,72.2
1-Sep-19,24.6,346 484,72.2
2-Sep-19,24.6,346 484,72.2
3-Sep-19,24.6,348 171,72.5
4-Sep-19,24.6,348 171,72.5
5-Sep-19,24.6,348 171,72.5
6-Sep-19,24.6,348 171,72.5
7-Sep-19,24.6,346 484,72.2
8-Sep-19,24.6,346 484,72.2
9-Sep-19,24.6,346 484,72.2
10-Sep-19,24.6,346 484,72.2
11-Sep-19,24.6,346 484,72.2
12-Sep-19,24.6,346 484,72.2
13-Sep-19,24.6,346 906,72.2
14-Sep-19,24.6,346 906,72.2
15-Sep-19,24.6,346 906,72.2
16-Sep-19,24.6,346 063,72.1
17-Sep-19,24.6,347 749,72.4
18-Sep-19,24.6,347 749,72.4
19-Sep-19,24.6,347 327,72.3
20-Sep-19,24.6,347 327,72.3
21-Sep-19,24.6,348 171,72.5
22-Sep-19,24.6,348 171,72.5
23-Sep-19,24.6,348 171,72.5
24-Sep-19,24.6,347 327,72.3
25-Sep-19,24.6,347 327,72.3
26-Sep-19,24.6,347 327,72.3
27-Sep-19,24.6,346 484,72.2
28-Sep-19,24.6,346 063,72.1
29-Sep-19,24.5,345 643,72
30-Sep-19,24.6,346 063,72.1
1-Oct-19,24.5,345 643,72
2-Oct-19,24.5,345 222,71.9
3-Oct-19,24.5,344 802,71.8
4-Oct-19,24.5,344 382,71.7
5-Oct-19,24.5,343 543,71.5
6-Oct-19,24.5,342 706,71.4
7-Oct-19,24.5,341 869,71.2
8-Oct-19,24.4,341 452,71.1
9-Oct-19,24.4,341 034,71
10-Oct-19,24.4,340 617,70.9
11-Oct-19,24.4,340 200,70.8
12-Oct-19,24.4,339 783,70.8
13-Oct-19,24.4,339 783,70.8
14-Oct-19,24.4,338 951,70.6
15-Oct-19,24.4,338 535,70.5
16-Oct-19,24.4,337 705,70.3
17-Oct-19,24.3,336 875,70.2
18-Oct-19,24.3,336 047,70
19-Oct-19,24.3,335 633,69.9
20-Oct-19,24.3,335 220,69.8
21-Oct-19,24.3,334 807,69.7
22-Oct-19,24.3,335 633,69.9
23-Oct-19,24.3,335 633,69.9
24-Oct-19,24.3,335 633,69.9
25-Oct-19,24.3,335 220,69.8
26-Oct-19,24.6,335 220,69.8
27-Oct-19,24.6,347 327,72.3
28-Oct-19,24.8,354 540,73.8
29-Oct-19,24.9,354 540,73.8
30-Oct-19,24.9,359 682,74.9
31-Oct-19,24.9,359 682,74.9
1-Nov-19,25,359 682,74.9
2-Nov-19,25,363 134,75.6
3-Nov-19,24.9,363 134,75.6
4-Nov-19,24.9,362 701,75.5
5-Nov-19,24.9,362 701,75.5
6-Nov-19,24.9,362 701,75.5
7-Nov-19,24.9,362 269,75.4
8-Nov-19,24.9,362 269,75.4
9-Nov-19,24.9,361 837,75.4
10-Nov-19,24.9,361 405,75.3
11-Nov-19,24.9,360 112,75
12-Nov-19,24.9,359 252,74.8
13-Nov-19,24.9,358 822,74.7
14-Nov-19,24.9,359 252,74.8
15-Nov-19,24.9,359 682,74.9
16-Nov-19,24.9,359 682,74.9
17-Nov-19,24.9,359 252,74.8
18-Nov-19,24.9,358 822,74.7
19-Nov-19,24.8,358 822,74.7
20-Nov-19,24.8,358 392,74.6
21-Nov-19,24.8,358 392,74.6
22-Nov-19,24.8,358 392,74.6
23-Nov-19,24.8,358 392,74.6
24-Nov-19,24.8,357 963,74.5
25-Nov-19,24.8,357 963,74.5
26-Nov-19,24.8,357 105,74.4
27-Nov-19,24.8,355 821,74.1
28-Nov-19,24.7,354 540,73.8
29-Nov-19,24.7,353 687,73.7
30-Nov-19,24.7,353 261,73.6
1-Dec-19,24.7,352 835,73.5
2-Dec-19,24.7,351 135,73.1
3-Dec-19,24.6,350 287,72.9
4-Dec-19,24.6,349 440,72.8
5-Dec-19,24.6,348 171,72.5
6-Dec-19,24.5,346 906,72.2
7-Dec-19,24.5,345 643,72
8-Dec-19,24.5,344 382,71.7
9-Dec-19,24.5,343 124,71.5
10-Dec-19,24.4,341 869,71.2
11-Dec-19,24.4,341 034,71
12-Dec-19,24.4,340 200,70.8
13-Dec-19,24.4,339 367,70.7
14-Dec-19,24.3,337 705,70.3
15-Dec-19,24.3,336 875,70.2
16-Dec-19,24.3,336 047,70
17-Dec-19,24.3,335 220,69.8
18-Dec-19,24.2,333 569,69.5
19-Dec-19,24.2,332 746,69.3
20-Dec-19,24.2,331 923,69.1
21-Dec-19,24.2,331 102,69
22-Dec-19,24.2,330 282,68.8
23-Dec-19,24.1,329 463,68.6
24-Dec-19,24.1,328645,68.4
25-Dec-19,24.1,327421,68.2
26-Dec-19,24.1,326606,68
27-Dec-19,24,325792,67.8
28-Dec-19,24,324980,67.7
29-Dec-19,24,324169,67.5
30-Dec-19,24,323359,67.3
31-Dec-19,24,323359,67.3
1-Jan-20,24,322550,67.2
2-Jan-20,23.9,321742,67
3-Jan-20,23.9,320935,66.8
4-Jan-20,23.9,320128,66.7
5-Jan-20,23.9,319323,66.5
6-Jan-20,23.9,318920,66.4
7-Jan-20,23.9,318116,66.2
8-Jan-20,23.8,317314,66.1
9-Jan-20,23.8,316512,65.9
10-Jan-20,23.8,315712,65.7
11-Jan-20,23.8,314115,65.4
12-Jan-20,23.7,313318,65.2
13-Jan-20,23.7,312522,65.1
14-Jan-20,23.7,311331,64.8
15-Jan-20,23.7,310539,64.7
16-Jan-20,23.6,309747,64.5
17-Jan-20,23.6,308957,64.3
18-Jan-20,23.6,307774,64.1
19-Jan-20,23.6,306594,63.8
20-Jan-20,23.7,305416,63.6
21-Jan-20,23.7,311331,64.8
22-Jan-20,23.7,311331,64.8
23-Jan-20,23.8,312522,65.1
24-Jan-20,23.8,313318,65.2
25-Jan-20,23.8,313318,65.2
26-Jan-20,23.8,313318,65.2
27-Jan-20,23.7,314115,65.4
28-Jan-20,23.7,312920,65.2
29-Jan-20,23.7,312125,65
30-Jan-20,24,311331,65
31-Jan-20,24,308957,64
1-Feb-20,24,308168,64
2-Feb-20,24,307380,64
3-Feb-20,24,306594,64
4-Feb-20,24,305808,64
5-Feb-20,24,305024,64
6-Feb-20,23,305024,64
7-Feb-20,23,303069,63
8-Feb-20,23,302290,63
9-Feb-20,23,301511,63
10-Feb-20,23,300734,63
11-Feb-20,23,299957,62
12-Feb-20,23,299183,62
13-Feb-20,23,298409,62
14-Feb-20,23,297637,62
15-Feb-20,23,296866,62
16-Feb-20,23,296096,62
17-Feb-20,23,295327,62
18-Feb-20,23,294560,61
19-Feb-20,23,293794,61