Table 1. State emissions by year (1990 - 2017),,,,,,,,,,,,,,,,,,,,,,,,,,,,,,,
,,,,,,,,,,,,,,,,,,,,,,,,,,,,,Change from 1990 - 2017,,
Million metric tons of carbon dioxide,1990,1991,1992,1993,1994,1995,1996,1997,1998,1999,2000,2001,2002,2003,2004,2005,2006,2007,2008,2009,2010,2011,2012,2013,2014,2015,2016,2017,Percent,Absolute,
Alabama,110,114,121,125,123,131,137,133,133,136,142,134,138,139,142,143,146,147,140,120,132,129,123,120,123,119,114,108,-1.2%,-1,
Alaska,34,35,37,36,36,41,42,42,43,44,44,43,43,43,47,48,46,44,39,38,39,38,38,36,35,36,35,34,-1.0%,0,
Arizona,63,64,67,69,71,66,68,71,76,80,86,88,88,89,97,97,100,102,102,93,95,93,91,95,93,90,87,86,36.5%,23,
Arkansas,51,50,51,50,54,58,60,59,61,63,63,63,61,62,62,60,62,63,64,61,66,67,66,68,69,59,62,64,25.8%,13,
California,357,344,349,338,354,343,341,343,355,359,374,379,378,366,385,382,390,395,380,366,360,346,351,353,350,358,357,359,0.6%,2,
Colorado,66,67,68,72,72,72,75,75,78,80,84,93,91,90,93,95,96,99,97,93,95,91,90,91,91,90,87,87,32.2%,21,
Connecticut,41,40,40,38,37,37,39,42,40,41,43,42,40,42,44,44,41,40,38,36,36,35,34,35,35,36,34,33,-17.8%,-7,
Delaware,17,17,16,18,17,16,17,15,15,15,16,15,15,16,16,17,16,17,16,12,11,12,13,13,13,13,13,12,-26.2%,-4,
District of Columbia,4,4,4,5,4,4,4,4,4,4,4,4,4,4,4,4,3,3,3,3,3,3,3,3,3,3,3,3,-41.0%,-2,
Florida,188,189,192,194,202,207,212,217,231,231,238,238,241,245,257,260,258,256,238,223,241,228,222,220,226,230,228,227,20.6%,39,
Georgia,139,131,131,140,142,151,155,155,157,160,168,161,165,168,174,184,182,184,172,162,171,156,136,134,139,136,135,132,-5.0%,-7,
Hawaii,22,20,21,19,20,20,19,19,19,18,19,19,20,21,22,23,23,24,19,19,19,19,19,18,18,18,18,18,-18.4%,-4,
Idaho,11,12,11,12,13,13,14,14,14,15,16,16,15,14,16,16,16,16,15,15,16,16,16,17,17,18,18,18,63.4%,7,
Illinois,191,191,187,203,203,207,221,223,215,225,231,223,226,229,236,243,235,242,241,225,230,229,216,229,232,215,203,201,5.4%,10,
Indiana,204,201,198,202,201,207,211,215,216,223,236,226,229,235,235,234,232,231,227,204,216,209,194,199,205,185,181,176,-13.8%,-28,
Iowa,63,65,64,67,68,72,74,73,77,78,79,78,79,79,81,81,82,87,91,86,90,87,81,82,83,78,74,76,21.6%,14,
Kansas,69,68,65,71,71,69,74,71,70,74,75,71,76,78,76,72,72,80,74,72,72,70,66,69,69,64,62,58,-16.1%,-11,
Kentucky,118,118,121,132,130,135,136,140,138,143,144,145,146,142,148,150,152,153,151,140,149,148,137,136,137,128,123,114,-3.3%,-4,
Louisiana,207,205,214,216,223,223,228,235,224,223,241,214,223,219,232,223,233,237,240,222,235,238,226,218,215,217,219,226,9.6%,20,
Maine,19,18,19,19,20,19,19,20,19,20,22,22,24,23,24,23,21,21,19,18,18,17,16,16,16,17,16,15,-18.9%,-4,
Maryland,70,69,67,69,70,70,72,72,75,77,77,77,77,80,81,83,78,78,74,71,70,65,60,59,61,59,57,52,-26.3%,-18,
Massachusetts,83,82,84,81,81,78,79,85,83,81,82,82,83,84,83,84,76,80,76,70,71,67,61,65,63,65,63,63,-23.9%,-20,
Michigan,180,178,178,177,185,188,193,190,190,198,193,189,189,185,188,190,179,181,175,164,164,159,152,160,160,161,151,152,-15.7%,-28,
Minnesota,78,78,80,84,86,88,93,91,91,92,97,94,97,101,100,101,99,100,100,92,91,91,86,89,94,87,89,88,12.3%,10,
Mississippi,48,48,48,50,50,52,54,55,56,61,61,70,62,64,65,64,66,68,64,60,65,60,62,60,63,65,68,67,39.2%,19,
Missouri,102,102,102,100,107,115,121,124,129,130,125,130,131,138,138,141,139,138,135,129,133,134,126,131,131,122,117,122,20.1%,20,
Montana,27,28,29,27,30,30,27,29,30,31,30,32,30,32,34,35,35,37,36,32,34,31,30,31,32,32,30,30,12.6%,3,
Nebraska,33,34,33,36,36,38,39,41,43,42,41,43,42,43,43,44,44,45,47,47,50,52,50,53,52,50,48,48,45.4%,15,
Nevada,31,32,34,34,36,35,38,38,41,41,45,45,41,43,48,50,41,42,41,39,37,34,34,36,37,35,36,36,18.4%,6,
New Hampshire,15,14,14,15,15,15,15,16,17,17,17,17,18,21,22,21,19,19,19,17,16,16,14,14,15,15,14,13,-8.7%,-1,
New Jersey,108,109,116,112,122,121,120,122,118,122,122,119,119,120,123,128,121,128,126,109,113,113,103,106,112,110,110,101,-6.6%,-7,
New Mexico,53,49,51,52,52,51,52,55,55,56,58,58,55,57,59,59,60,59,56,57,53,55,53,53,50,50,48,49,-8.1%,-4,
New York,207,199,198,193,191,196,199,203,202,204,210,205,199,210,212,208,190,197,187,171,172,163,159,160,168,166,162,157,-24.2%,-50,
North Carolina,111,111,121,126,122,128,140,142,142,141,148,144,145,146,150,154,149,154,149,133,143,128,121,124,127,120,120,115,3.9%,4,
North Dakota,44,45,47,47,48,48,49,47,48,50,51,52,52,51,50,53,51,53,53,52,52,54,56,57,59,57,54,56,26.3%,12,
Ohio,244,243,248,252,248,250,263,258,257,256,263,253,260,267,263,271,263,267,260,235,247,235,215,229,231,212,205,204,-16.4%,-40,
Oklahoma,87,89,92,95,93,94,97,98,97,96,99,101,101,103,99,106,109,109,111,105,105,107,104,103,104,100,96,93,6.3%,6,
Oregon,30,34,35,35,36,34,36,35,41,42,41,41,39,39,41,41,40,44,43,41,40,37,37,39,38,38,38,38,27.9%,8,
Pennsylvania,262,254,263,267,264,267,272,273,263,262,274,262,269,272,276,278,273,276,268,242,254,246,236,245,245,229,215,215,-17.8%,-47,
Rhode Island,9,11,13,11,13,12,13,13,14,13,12,12,12,11,11,11,10,11,11,11,11,11,10,10,11,11,10,10,12.9%,1,
South Carolina,60,62,61,65,65,64,68,71,74,77,80,78,80,80,87,86,86,87,85,79,83,79,73,69,74,72,71,69,14.2%,9,
South Dakota,12,11,12,12,13,13,13,13,13,13,14,13,14,14,14,13,13,14,15,15,15,15,15,15,15,14,15,14,22.7%,3,
Tennessee,104,100,105,116,110,117,118,121,120,121,126,125,124,122,124,125,127,127,120,102,109,106,99,98,103,99,102,98,-6.2%,-6,
Texas,605,601,609,622,627,631,677,701,717,694,713,705,718,711,717,686,687,680,644,610,647,665,661,694,690,690,692,707,16.8%,102,
Utah,54,53,55,56,57,58,58,60,63,62,65,63,62,63,65,67,68,70,69,64,63,64,61,66,65,63,58,58,7.6%,4,
Vermont,5,6,6,6,6,6,6,6,6,6,7,7,6,7,7,7,7,6,6,6,6,6,5,6,6,6,6,6,6.3%,0,
Virginia,95,96,97,101,100,102,107,109,111,114,122,120,119,123,127,129,122,127,116,105,108,99,97,104,103,102,103,98,3.4%,3,
Washington,66,67,73,70,75,73,76,75,76,76,78,78,71,73,74,75,73,78,75,73,73,68,68,72,71,73,78,78,18.8%,12,
West Virginia,103,95,97,98,106,104,107,110,114,115,114,104,117,113,110,112,112,115,111,90,100,98,92,94,100,92,94,91,-11.9%,-12,
Wisconsin,85,88,87,90,93,96,100,102,101,105,107,105,107,105,107,110,102,104,105,96,98,97,90,100,100,99,95,98,14.3%,12,
Wyoming,57,55,61,58,60,58,59,58,63,62,63,63,62,64,64,63,64,66,67,64,65,64,66,68,65,63,60,61,6.9%,4,
Total of states (unadjusted),"5,054","5,011","5,093","5,199","5,275","5,337","5,526","5,609","5,638","5,687","5,872","5,759","5,801","5,857","5,960","5,990","5,907","6,002","5,806","5,394","5,599","5,464","5,245","5,388","5,438","5,293","5,203","5,166",1.9%,95,
Adjustment to match United States,-15,-17,-1,-16,-15,-15,-16,-27,-4,3,-10,2,1,-5,11,1,4,-1,6,-6,-13,-18,-8,-25,-25,-26,-28,-33,,,
United States total (adjusted state values sum to this),"5,039","4,994","5,092","5,183","5,260","5,322","5,510","5,581","5,634","5,689","5,862","5,760","5,802","5,852","5,971","5,991","5,911","6,001","5,812","5,387","5,586","5,446","5,237","5,363","5,414","5,267","5,175","5,133",2.2%,112,
"Sources: States total (without the discrepancy adjustment), U.S. Energy Information Administration, State Energy Data System and calculations made for this data series.  United States total, Monthly Energy Review, July 2019, Section 11.",,,,,,,,,,,,,,,,,,,,,,,,,,,,,,,
Note:  The National-level discrepancy is the difference between  the States total (without the discrepancy adjustment) and the United States total that appears in Section 11 of the MER.  This discrepancy is allocated to each state in proportion to its share of CO2 emissions.,,,,,,,,,,,,,,,,,,,,,,,,,,,,,,,
The state values that appear in this table have been adjusted.,,,,,,,,,,,,,,,,,,,,,,,,,,,,,,,
,,,,,,,,,,,,,,,,,,,,,,,,,,,,,,,
